eps,cost_inflation_2h_usd,detection_prob
0.00,0,0.07
0.05,"2,693,717",0.15
0.10,"5,388,690",0.24
0.15,"8,084,920",0.54
0.20,"10,782,408",0.79
0.25,"13,481,152",0.94
0.30,"16,181,153",0.97
0.35,"18,882,411",1.00
0.40,"21,584,926",1.00
0.45,"24,288,697",1.00
0.50,"26,993,726",1.00
0.55,"29,700,011",1.00
0.60,"32,407,554",1.00
0.65,"35,116,353",1.00
0.70,"37,826,409",1.00
0.75,"40,537,722",1.00
0.80,"43,250,292",1.00
0.85,"45,964,118",1.00
0.90,"48,679,202",1.00
0.95,"51,395,543",1.00
1.00,"54,113,140",1.00
