# ERCOT PRC (Physical Responsive Capability) MW, 2026-09-26; pulled 2026-09-26 21:10:32-0500; source https://www.ercot.com/api/1/services/read/dashboards/daily-prc.json
index,prc_mw
0,9329.0
1,9266.0
2,9252.0
3,9252.0
4,9241.0
5,9231.0
6,9237.0
7,9242.0
8,9239.0
9,9239.0
10,9245.0
11,9231.0
12,9237.0
13,9259.0
14,9275.0
15,9275.0
16,9267.0
17,9253.0
18,9260.0
19,9268.0
20,9268.0
21,9268.0
22,9287.0
23,9289.0
24,9281.0
25,9286.0
26,9305.0
27,9305.0
28,9307.0
29,9311.0
30,9314.0
31,9305.0
32,9312.0
33,9312.0
34,9307.0
35,9323.0
36,9338.0
37,9334.0
38,9336.0
39,9336.0
40,9337.0
41,9337.0
42,9334.0
43,9339.0
44,9339.0
45,9339.0
46,9349.0
47,9362.0
48,9367.0
49,9364.0
50,9381.0
51,9381.0
52,9372.0
53,9375.0
54,9394.0
55,9397.0
56,9391.0
57,9391.0
58,9394.0
59,9394.0
60,9393.0
61,9398.0
62,9411.0
63,9411.0
64,9418.0
65,9436.0
66,9369.0
67,9361.0
68,9451.0
69,9451.0
70,9457.0
71,9372.0
72,9383.0
73,9371.0
74,9376.0
75,9376.0
76,9389.0
77,9386.0
78,9459.0
79,9461.0
80,9473.0
81,9473.0
82,9472.0
83,9472.0
84,9482.0
85,9473.0
86,9469.0
87,9469.0
88,9470.0
89,9488.0
90,9504.0
91,9501.0
92,9512.0
93,9512.0
94,9504.0
95,9505.0
96,9546.0
97,9553.0
98,9563.0
99,9563.0
100,9578.0
101,9589.0
102,9597.0
103,9602.0
104,9603.0
105,9603.0
106,9610.0
107,9613.0
108,9624.0
109,9627.0
110,9643.0
111,9643.0
112,9665.0
113,9663.0
114,9654.0
115,9642.0
116,9649.0
117,9649.0
118,9644.0
119,9664.0
120,9661.0
121,9659.0
122,9660.0
123,9660.0
124,9674.0
125,9679.0
126,9688.0
127,9688.0
128,9697.0
129,9697.0
130,9703.0
131,9712.0
132,9726.0
133,9651.0
134,9662.0
135,9662.0
136,9662.0
137,9670.0
138,9670.0
139,9667.0
140,9669.0
141,9669.0
142,9678.0
143,9679.0
144,9689.0
145,9673.0
146,9680.0
147,9680.0
148,9688.0
149,9697.0
150,9707.0
151,9712.0
152,9716.0
153,9716.0
154,9716.0
155,9720.0
156,9732.0
157,9737.0
158,9736.0
159,9736.0
160,9733.0
161,9734.0
162,9720.0
163,9713.0
164,9712.0
165,9712.0
166,9701.0
167,9707.0
168,9709.0
169,9699.0
170,9790.0
171,9790.0
172,9717.0
173,9720.0
174,9717.0
175,9774.0
176,9789.0
177,9789.0
178,9792.0
179,9784.0
180,9782.0
181,9785.0
182,9791.0
183,9791.0
184,9786.0
185,9806.0
186,9798.0
187,9797.0
188,9804.0
189,9804.0
190,9819.0
191,9845.0
192,9857.0
193,9866.0
194,9892.0
195,9892.0
196,9911.0
197,9943.0
198,9962.0
199,9982.0
200,10010.0
201,10010.0
202,10026.0
203,10043.0
204,10053.0
205,10064.0
206,10081.0
207,10081.0
208,10091.0
209,10098.0
210,10099.0
211,10111.0
212,10126.0
213,10126.0
214,10121.0
215,10123.0
216,10117.0
217,10127.0
218,10126.0
219,10126.0
220,10046.0
221,10052.0
222,10062.0
223,10068.0
224,10068.0
225,10068.0
226,10065.0
227,10060.0
228,10074.0
229,10074.0
230,10063.0
231,10063.0
232,10069.0
233,10061.0
234,10056.0
235,10058.0
236,10055.0
237,10055.0
238,10060.0
239,10061.0
240,10064.0
241,10052.0
242,10049.0
243,10049.0
244,10050.0
245,10037.0
246,10036.0
247,10030.0
248,10051.0
249,10051.0
250,10064.0
251,10065.0
252,10054.0
253,10049.0
254,10061.0
255,10061.0
256,10055.0
257,10043.0
258,10045.0
259,10048.0
260,10063.0
261,10063.0
262,10061.0
263,10062.0
264,10070.0
265,10065.0
266,10057.0
267,10057.0
268,10059.0
269,10068.0
270,10070.0
271,10070.0
272,10057.0
273,10063.0
274,10071.0
275,10073.0
276,10097.0
277,10097.0
278,10089.0
279,10094.0
280,10099.0
281,10106.0
282,10103.0
283,10103.0
284,10113.0
285,10122.0
286,10127.0
287,10142.0
288,10157.0
289,10157.0
290,10160.0
291,10173.0
292,10194.0
293,10192.0
294,10199.0
295,10199.0
296,10217.0
297,10209.0
298,10221.0
299,10222.0
300,10228.0
301,10228.0
302,10236.0
303,10239.0
304,10240.0
305,10234.0
306,10250.0
307,10250.0
308,10260.0
309,10277.0
310,10275.0
311,10264.0
312,10258.0
313,10258.0
314,10266.0
315,10267.0
316,10267.0
317,10274.0
318,10276.0
319,10276.0
320,10266.0
321,10253.0
322,10271.0
323,10282.0
324,10289.0
325,10289.0
326,10293.0
327,10277.0
328,10268.0
329,10271.0
330,10280.0
331,10280.0
332,10303.0
333,10398.0
334,10412.0
335,10406.0
336,10326.0
337,10326.0
338,10347.0
339,10361.0
340,10382.0
341,10392.0
342,10424.0
343,10424.0
344,10429.0
345,10432.0
346,10451.0
347,10465.0
348,10492.0
349,10492.0
350,10499.0
351,10515.0
352,10518.0
353,10528.0
354,10543.0
355,10543.0
356,10572.0
357,10597.0
358,10610.0
359,10607.0
360,10602.0
361,10602.0
362,10614.0
363,10612.0
364,10612.0
365,10612.0
366,10638.0
367,10644.0
368,10649.0
369,10666.0
370,10654.0
371,10654.0
372,10628.0
373,10629.0
374,10640.0
375,10649.0
376,10653.0
377,10653.0
378,10672.0
379,10675.0
380,10662.0
381,10670.0
382,10677.0
383,10677.0
384,10660.0
385,10667.0
386,10671.0
387,10675.0
388,10667.0
389,10667.0
390,10673.0
391,10680.0
392,10689.0
393,10689.0
394,10683.0
395,10697.0
396,10699.0
397,10708.0
398,10718.0
399,10718.0
400,10732.0
401,10715.0
402,10719.0
403,10716.0
404,10719.0
405,10719.0
406,10726.0
407,10717.0
408,10708.0
409,10703.0
410,10714.0
411,10714.0
412,10703.0
413,10693.0
414,10674.0
415,10673.0
416,10659.0
417,10659.0
418,10648.0
419,10641.0
420,10652.0
421,10653.0
422,10645.0
423,10645.0
424,10641.0
425,10631.0
426,10633.0
427,10631.0
428,10627.0
429,10627.0
430,10646.0
431,10646.0
432,10632.0
433,10626.0
434,10638.0
435,10638.0
436,10640.0
437,10648.0
438,10631.0
439,10623.0
440,10623.0
441,10623.0
442,10627.0
443,10632.0
444,10642.0
445,10646.0
446,10647.0
447,10647.0
448,10647.0
449,10648.0
450,10649.0
451,10662.0
452,10663.0
453,10663.0
454,10671.0
455,10676.0
456,10692.0
457,10711.0
458,10731.0
459,10731.0
460,10734.0
461,10737.0
462,10750.0
463,10744.0
464,10739.0
465,10739.0
466,10737.0
467,10744.0
468,10770.0
469,10770.0
470,10774.0
471,10774.0
472,10768.0
473,10773.0
474,10756.0
475,10762.0
476,10761.0
477,10761.0
478,10759.0
479,10759.0
480,10772.0
481,10762.0
482,10754.0
483,10754.0
484,10749.0
485,10755.0
486,10752.0
487,10740.0
488,10748.0
489,10748.0
490,10751.0
491,10753.0
492,10733.0
493,10725.0
494,10736.0
495,10736.0
496,10740.0
497,10745.0
498,10747.0
499,10751.0
500,10759.0
501,10759.0
502,10766.0
503,10763.0
504,10761.0
505,10756.0
506,10772.0
507,10772.0
508,10775.0
509,10765.0
510,10765.0
511,10772.0
512,10744.0
513,10744.0
514,10742.0
515,10759.0
516,10756.0
517,10750.0
518,10775.0
519,10775.0
520,10786.0
521,10789.0
522,10797.0
523,10789.0
524,10790.0
525,10790.0
526,10806.0
527,10835.0
528,10841.0
529,10836.0
530,10854.0
531,10854.0
532,10857.0
533,10866.0
534,10884.0
535,10889.0
536,10899.0
537,10899.0
538,10902.0
539,10909.0
540,10910.0
541,10913.0
542,10922.0
543,10922.0
544,10922.0
545,10941.0
546,10952.0
547,10956.0
548,10960.0
549,10960.0
550,10966.0
551,10970.0
552,10966.0
553,10974.0
554,10983.0
555,10983.0
556,10989.0
557,11004.0
558,11009.0
559,11013.0
560,11017.0
561,11017.0
562,11007.0
563,11015.0
564,11007.0
565,11013.0
566,11017.0
567,11017.0
568,11008.0
569,11011.0
570,11020.0
571,11027.0
572,11032.0
573,11032.0
574,11040.0
575,11036.0
576,11029.0
577,11030.0
578,11032.0
579,11032.0
580,11029.0
581,11041.0
582,11069.0
583,11083.0
584,11083.0
585,11083.0
586,11093.0
587,11093.0
588,11089.0
589,11085.0
590,11090.0
591,11090.0
592,11082.0
593,11092.0
594,11106.0
595,11122.0
596,11119.0
597,11119.0
598,11125.0
599,11136.0
600,11119.0
601,11149.0
602,11149.0
603,11149.0
604,11149.0
605,11150.0
606,11147.0
607,11167.0
608,11176.0
609,11176.0
610,11183.0
611,11183.0
612,11169.0
613,11172.0
614,11172.0
615,11172.0
616,11185.0
617,11185.0
618,11188.0
619,11169.0
620,11167.0
621,11167.0
622,11164.0
623,11165.0
624,11165.0
625,11168.0
626,11170.0
627,11170.0
628,11159.0
629,11152.0
630,11141.0
631,11142.0
632,11134.0
633,11134.0
634,11155.0
635,11160.0
636,11155.0
637,11155.0
638,11157.0
639,11157.0
640,11165.0
641,11174.0
642,11190.0
643,11189.0
644,11192.0
645,11192.0
646,11193.0
647,11192.0
648,11182.0
649,11175.0
650,11184.0
651,11184.0
652,11200.0
653,11203.0
654,11209.0
655,11209.0
656,11213.0
657,11213.0
658,11217.0
659,11220.0
660,11221.0
661,11224.0
662,11233.0
663,11233.0
664,11236.0
665,11235.0
666,11196.0
667,11187.0
668,11196.0
669,11196.0
670,11207.0
671,11210.0
672,11219.0
673,11218.0
674,11211.0
675,11211.0
676,11229.0
677,11236.0
678,11234.0
679,11233.0
680,11240.0
681,11240.0
682,11249.0
683,11245.0
684,11278.0
685,11267.0
686,11275.0
687,11275.0
688,11290.0
689,11294.0
690,11295.0
691,11302.0
692,11300.0
693,11300.0
694,11297.0
695,11303.0
696,11308.0
697,11322.0
698,11312.0
699,11312.0
700,11303.0
701,11312.0
702,11323.0
703,11328.0
704,11340.0
705,11340.0
706,11343.0
707,11360.0
708,11355.0
709,11357.0
710,11352.0
711,11352.0
712,11369.0
713,11383.0
714,11379.0
715,11391.0
716,11401.0
717,11401.0
718,11400.0
719,11410.0
720,11415.0
721,11498.0
722,11509.0
723,11526.0
724,11454.0
725,11538.0
726,11463.0
727,11463.0
728,11440.0
729,11437.0
730,11429.0
731,11418.0
732,11404.0
733,11404.0
734,11401.0
735,11390.0
736,11383.0
737,11376.0
738,11367.0
739,11367.0
740,11365.0
741,11362.0
742,11370.0
743,11361.0
744,11385.0
745,11385.0
746,11374.0
747,11354.0
748,11336.0
749,11344.0
750,11336.0
751,11336.0
752,11336.0
753,11336.0
754,11413.0
755,11391.0
756,11301.0
757,11321.0
758,11338.0
759,11338.0
760,11358.0
761,11358.0
762,11360.0
763,11367.0
764,11365.0
765,11365.0
766,11369.0
767,11363.0
768,11364.0
769,11376.0
770,11380.0
771,11380.0
772,11379.0
773,11384.0
774,11380.0
775,11397.0
776,11379.0
777,11379.0
778,11372.0
779,11358.0
780,11362.0
781,11358.0
782,11338.0
783,11338.0
784,11346.0
785,11352.0
786,11360.0
787,11361.0
788,11364.0
789,11364.0
790,11361.0
791,11375.0
792,11373.0
793,11367.0
794,11369.0
795,11369.0
796,11368.0
797,11380.0
798,11368.0
799,11366.0
800,11369.0
801,11369.0
802,11383.0
803,11387.0
804,11389.0
805,11397.0
806,11390.0
807,11390.0
808,11398.0
809,11408.0
810,11408.0
811,11403.0
812,11437.0
813,11409.0
814,11425.0
815,11420.0
816,11421.0
817,11421.0
818,11434.0
819,11438.0
820,11438.0
821,11431.0
822,11419.0
823,11419.0
824,11420.0
825,11424.0
826,11438.0
827,11427.0
828,11430.0
829,11430.0
830,11434.0
831,11436.0
832,11432.0
833,11442.0
834,11441.0
835,11441.0
836,11430.0
837,11428.0
838,11426.0
839,11442.0
840,11433.0
841,11433.0
842,11431.0
843,11436.0
844,11444.0
845,11443.0
846,11450.0
847,11450.0
848,11448.0
849,11439.0
850,11439.0
851,11454.0
852,11473.0
853,11473.0
854,11478.0
855,11478.0
856,11479.0
857,11473.0
858,11479.0
859,11479.0
860,11488.0
861,11482.0
862,11490.0
863,11485.0
864,11497.0
865,11497.0
866,11491.0
867,11491.0
868,11492.0
869,11498.0
870,11498.0
871,11498.0
872,11515.0
873,11512.0
874,11521.0
875,11530.0
876,11533.0
877,11533.0
878,11535.0
879,11542.0
880,11544.0
881,11560.0
882,11558.0
883,11558.0
884,11564.0
885,11566.0
886,11572.0
887,11579.0
888,11591.0
889,11591.0
890,11595.0
891,11590.0
892,11598.0
893,11605.0
894,11619.0
895,11619.0
896,11630.0
897,11646.0
898,11638.0
899,11637.0
900,11639.0
901,11639.0
902,11652.0
903,11665.0
904,11667.0
905,11664.0
906,11667.0
907,11667.0
908,11663.0
909,11658.0
910,11663.0
911,11663.0
912,11668.0
913,11668.0
914,11671.0
915,11657.0
916,11662.0
917,11653.0
918,11652.0
919,11652.0
920,11647.0
921,11637.0
922,11646.0
923,11637.0
924,11633.0
925,11633.0
926,11645.0
927,11638.0
928,11634.0
929,11637.0
930,11645.0
931,11645.0
932,11668.0
933,11668.0
934,11684.0
935,11702.0
936,11703.0
937,11707.0
938,11704.0
939,11704.0
940,11704.0
941,11709.0
942,11714.0
943,11714.0
944,11713.0
945,11713.0
946,11710.0
947,11722.0
948,11718.0
949,11716.0
950,11718.0
951,11718.0
952,11720.0
953,11722.0
954,11719.0
955,11710.0
956,11715.0
957,11715.0
958,11714.0
959,11718.0
960,11720.0
961,11728.0
962,11748.0
963,11748.0
964,11733.0
965,11742.0
966,11748.0
967,11749.0
968,11754.0
969,11754.0
970,11757.0
971,11776.0
972,11783.0
973,11797.0
974,11804.0
975,11804.0
976,11813.0
977,11818.0
978,11825.0
979,11828.0
980,11832.0
981,11832.0
982,11834.0
983,11838.0
984,11855.0
985,11857.0
986,11842.0
987,11842.0
988,11853.0
989,11858.0
990,11868.0
991,11877.0
992,11886.0
993,11886.0
994,11880.0
995,11889.0
996,11898.0
997,11904.0
998,11900.0
999,11900.0
1000,11916.0
1001,11923.0
1002,11929.0
1003,11940.0
1004,11798.0
1005,11798.0
1006,11812.0
1007,11824.0
1008,11693.0
1009,11691.0
1010,11839.0
1011,11839.0
1012,11695.0
1013,11706.0
1014,11705.0
1015,11842.0
1016,11850.0
1017,11850.0
1018,11845.0
1019,11851.0
1020,11720.0
1021,11733.0
1022,12005.0
1023,12005.0
1024,11869.0
1025,11732.0
1026,11735.0
1027,11742.0
1028,11759.0
1029,11759.0
1030,11759.0
1031,11917.0
1032,12073.0
1033,12074.0
1034,12086.0
1035,12086.0
1036,12092.0
1037,11951.0
1038,11951.0
1039,11943.0
1040,11942.0
1041,11942.0
1042,11945.0
1043,11945.0
1044,11938.0
1045,11939.0
1046,11939.0
1047,11939.0
1048,11929.0
1049,11938.0
1050,11957.0
1051,11959.0
1052,11954.0
1053,11954.0
1054,11962.0
1055,11964.0
1056,11972.0
1057,11973.0
1058,11979.0
1059,11979.0
1060,11990.0
1061,11989.0
1062,11993.0
1063,12001.0
1064,12001.0
1065,12001.0
1066,12017.0
1067,12022.0
1068,12031.0
1069,12032.0
1070,12030.0
1071,12030.0
1072,12043.0
1073,12054.0
1074,12055.0
1075,12058.0
1076,12071.0
1077,12071.0
1078,12076.0
1079,12091.0
1080,12111.0
1081,12125.0
1082,12137.0
1083,12137.0
1084,12218.0
1085,12219.0
1086,12143.0
1087,12287.0
1088,12302.0
1089,12302.0
1090,12161.0
1091,12316.0
1092,12321.0
1093,12322.0
1094,12318.0
1095,12318.0
1096,12319.0
1097,12328.0
1098,12333.0
1099,12328.0
1100,12333.0
1101,12333.0
1102,12351.0
1103,12219.0
1104,12230.0
1105,12241.0
1106,12250.0
1107,12250.0
1108,12241.0
1109,12259.0
1110,12392.0
1111,12256.0
1112,12267.0
1113,12267.0
1114,12268.0
1115,12271.0
1116,12411.0
1117,12409.0
1118,12401.0
1119,12401.0
1120,12401.0
1121,12379.0
1122,12224.0
1123,12213.0
1124,12207.0
1125,12207.0
1126,12328.0
1127,12317.0
1128,12305.0
1129,12309.0
1130,12301.0
1131,12301.0
1132,12275.0
1133,12278.0
1134,12272.0
1135,12268.0
1136,12256.0
1137,12256.0
1138,12250.0
1139,12257.0
1140,12270.0
1141,12270.0
1142,12276.0
1143,12276.0
1144,12290.0
1145,12301.0
1146,12301.0
1147,12308.0
1148,12322.0
1149,12322.0
1150,12317.0
1151,12343.0
1152,12342.0
1153,12336.0
1154,12336.0
1155,12336.0
1156,12349.0
1157,12346.0
1158,12356.0
1159,12352.0
1160,12354.0
1161,12354.0
1162,12360.0
1163,12360.0
1164,12320.0
1165,12340.0
1166,12343.0
1167,12343.0
1168,12344.0
1169,12332.0
1170,12335.0
1171,12341.0
1172,12341.0
1173,12341.0
1174,12343.0
1175,12338.0
1176,12347.0
1177,12351.0
1178,12360.0
1179,12360.0
1180,12359.0
1181,12379.0
1182,12389.0
1183,12398.0
1184,12405.0
1185,12405.0
1186,12414.0
1187,12420.0
1188,12423.0
1189,12447.0
1190,12447.0
1191,12447.0
1192,12466.0
1193,12479.0
1194,12473.0
1195,12482.0
1196,12470.0
1197,12470.0
1198,12486.0
1199,12494.0
1200,12592.0
1201,12523.0
1202,12534.0
1203,12534.0
1204,12452.0
1205,12433.0
1206,12447.0
1207,12479.0
1208,12497.0
1209,12497.0
1210,12514.0
1211,12541.0
1212,12644.0
1213,12542.0
1214,12557.0
1215,12557.0
1216,12572.0
1217,12556.0
1218,12568.0
1219,12574.0
1220,12575.0
1221,12575.0
1222,12574.0
1223,12577.0
1224,12572.0
1225,12564.0
1226,12552.0
1227,12552.0
1228,12556.0
1229,12561.0
1230,12567.0
1231,12564.0
1232,12569.0
1233,12569.0
1234,12577.0
1235,12579.0
1236,12599.0
1237,12611.0
1238,12615.0
1239,12615.0
1240,12623.0
1241,12624.0
1242,12637.0
1243,12642.0
1244,12645.0
1245,12645.0
1246,12658.0
1247,12620.0
1248,12754.0
1249,12789.0
1250,12789.0
1251,12789.0
1252,12797.0
1253,12810.0
1254,12804.0
1255,12800.0
1256,12815.0
1257,12815.0
1258,12813.0
1259,12820.0
1260,12821.0
1261,12825.0
1262,12832.0
1263,12822.0
1264,12831.0
1265,12821.0
1266,12836.0
1267,12836.0
1268,12837.0
1269,12848.0
1270,12843.0
1271,12844.0
1272,12843.0
1273,12843.0
1274,12852.0
1275,12846.0
1276,12851.0
1277,12853.0
1278,12869.0
1279,12869.0
1280,12877.0
1281,12878.0
1282,12884.0
1283,12873.0
1284,12878.0
1285,12878.0
1286,12871.0
1287,12887.0
1288,12879.0
1289,12891.0
1290,12883.0
1291,12883.0
1292,12888.0
1293,12878.0
1294,12875.0
1295,12874.0
1296,12881.0
1297,12881.0
1298,12885.0
1299,12891.0
1300,12896.0
1301,12902.0
1302,12905.0
1303,12905.0
1304,12903.0
1305,12910.0
1306,12908.0
1307,12913.0
1308,12915.0
1309,12915.0
1310,12921.0
1311,12919.0
1312,12919.0
1313,12931.0
1314,12918.0
1315,12918.0
1316,12929.0
1317,12933.0
1318,12930.0
1319,12935.0
1320,12923.0
1321,12923.0
1322,12929.0
1323,12932.0
1324,12937.0
1325,12935.0
1326,12935.0
1327,12935.0
1328,12947.0
1329,12945.0
1330,12945.0
1331,12951.0
1332,12961.0
1333,12961.0
1334,12957.0
1335,12956.0
1336,12960.0
1337,12969.0
1338,12971.0
1339,12971.0
1340,12972.0
1341,12977.0
1342,12988.0
1343,12996.0
1344,13000.0
1345,13000.0
1346,13007.0
1347,13005.0
1348,13007.0
1349,13011.0
1350,13005.0
1351,13005.0
1352,13012.0
1353,13013.0
1354,13017.0
1355,13020.0
1356,13039.0
1357,13039.0
1358,13044.0
1359,13069.0
1360,13067.0
1361,13088.0
1362,13102.0
1363,13102.0
1364,13111.0
1365,13113.0
1366,13125.0
1367,13132.0
1368,13158.0
1369,13158.0
1370,13158.0
1371,13168.0
1372,13176.0
1373,13182.0
1374,13191.0
1375,13191.0
1376,13201.0
1377,13216.0
1378,13212.0
1379,13209.0
1380,13211.0
1381,13211.0
1382,13226.0
1383,13226.0
1384,13234.0
1385,13237.0
1386,13241.0
1387,13233.0
1388,13237.0
1389,13237.0
1390,13234.0
1391,13232.0
1392,13239.0
1393,13226.0
1394,13228.0
1395,13228.0
1396,13234.0
1397,13229.0
1398,13229.0
1399,13229.0
1400,13231.0
1401,13231.0
1402,13228.0
1403,13228.0
1404,13222.0
1405,13210.0
1406,13212.0
1407,13212.0
1408,13224.0
1409,13212.0
1410,13220.0
1411,13222.0
1412,13232.0
1413,13232.0
1414,13229.0
1415,13238.0
1416,13239.0
1417,13245.0
1418,13241.0
1419,13241.0
1420,13252.0
1421,13247.0
1422,13251.0
1423,13257.0
1424,13265.0
1425,13265.0
1426,13257.0
1427,13266.0
1428,13275.0
1429,13249.0
1430,13223.0
1431,13223.0
1432,13227.0
1433,13224.0
1434,13226.0
1435,13225.0
1436,13226.0
1437,13226.0
1438,13227.0
1439,13236.0
1440,13241.0
1441,13237.0
1442,13242.0
1443,13239.0
1444,13252.0
1445,13257.0
1446,13262.0
1447,13262.0
1448,13265.0
1449,13290.0
1450,13294.0
1451,13305.0
1452,13314.0
1453,13314.0
1454,13328.0
1455,13333.0
1456,13337.0
1457,13351.0
1458,13351.0
1459,13351.0
1460,13354.0
1461,13351.0
1462,13351.0
1463,13363.0
1464,13358.0
1465,13358.0
1466,13353.0
1467,13355.0
1468,13353.0
1469,13348.0
1470,13338.0
1471,13338.0
1472,13319.0
1473,13319.0
1474,13320.0
1475,13318.0
1476,13315.0
1477,13323.0
1478,13328.0
1479,13328.0
1480,13334.0
1481,13343.0
1482,13352.0
1483,13354.0
1484,13350.0
1485,13350.0
1486,13351.0
1487,13351.0
1488,13356.0
1489,13355.0
1490,13366.0
1491,13366.0
1492,13368.0
1493,13373.0
1494,13369.0
1495,13381.0
1496,13374.0
1497,13374.0
1498,13378.0
1499,13391.0
1500,13398.0
1501,13387.0
1502,13396.0
1503,13396.0
1504,13397.0
1505,13405.0
1506,13414.0
1507,13406.0
1508,13404.0
1509,13404.0
1510,13404.0
1511,13410.0
1512,13400.0
1513,13408.0
1514,13407.0
1515,13407.0
1516,13419.0
1517,13418.0
1518,13431.0
1519,13431.0
1520,13429.0
1521,13429.0
1522,13432.0
1523,13439.0
1524,13440.0
1525,13446.0
1526,13449.0
1527,13449.0
1528,13449.0
1529,13445.0
1530,13452.0
1531,13452.0
1532,13458.0
1533,13458.0
1534,13466.0
1535,13475.0
1536,13470.0
1537,13483.0
1538,13480.0
1539,13480.0
1540,13488.0
1541,13481.0
1542,13482.0
1543,13488.0
1544,13486.0
1545,13486.0
1546,13485.0
1547,13490.0
1548,13495.0
1549,13486.0
1550,13488.0
1551,13488.0
1552,13495.0
1553,13500.0
1554,13499.0
1555,13500.0
1556,13504.0
1557,13504.0
1558,13501.0
1559,13502.0
1560,13512.0
1561,13509.0
1562,13514.0
1563,13514.0
1564,13520.0
1565,13534.0
1566,13537.0
1567,13532.0
1568,13543.0
1569,13543.0
1570,13554.0
1571,13554.0
1572,13562.0
1573,13565.0
1574,13569.0
1575,13569.0
1576,13569.0
1577,13568.0
1578,13572.0
1579,13577.0
1580,13586.0
1581,13586.0
1582,13585.0
1583,13601.0
1584,13598.0
1585,13607.0
1586,13612.0
1587,13612.0
1588,13617.0
1589,13624.0
1590,13633.0
1591,13636.0
1592,13647.0
1593,13647.0
1594,13651.0
1595,13651.0
1596,13651.0
1597,13650.0
1598,13653.0
1599,13654.0
1600,13658.0
1601,13658.0
1602,13665.0
1603,13668.0
1604,13669.0
1605,13665.0
1606,13659.0
1607,13659.0
1608,13665.0
1609,13666.0
1610,13668.0
1611,13672.0
1612,13669.0
1613,13669.0
1614,13669.0
1615,13670.0
1616,13680.0
1617,13679.0
1618,13672.0
1619,13672.0
1620,13683.0
1621,13683.0
1622,13689.0
1623,13689.0
1624,13694.0
1625,13689.0
1626,13703.0
1627,13699.0
1628,13702.0
1629,13702.0
1630,13709.0
1631,13723.0
1632,13728.0
1633,13724.0
1634,13732.0
1635,13732.0
1636,13732.0
1637,13723.0
1638,13728.0
1639,13733.0
1640,13736.0
1641,13736.0
1642,13734.0
1643,13738.0
1644,13747.0
1645,13751.0
1646,13751.0
1647,13751.0
1648,13754.0
1649,13756.0
1650,13765.0
1651,13752.0
1652,13761.0
1653,13763.0
1654,13768.0
1655,13770.0
1656,13777.0
1657,13777.0
1658,13779.0
1659,13784.0
1660,13775.0
1661,13785.0
1662,13789.0
1663,13789.0
1664,13788.0
1665,13787.0
1666,13801.0
1667,13804.0
1668,13807.0
1669,13807.0
1670,13809.0
1671,13814.0
1672,13812.0
1673,13817.0
1674,13807.0
1675,13807.0
1676,13813.0
1677,13825.0
1678,13837.0
1679,13838.0
1680,13836.0
1681,13836.0
1682,13848.0
1683,13844.0
1684,13840.0
1685,13827.0
1686,13825.0
1687,13825.0
1688,13814.0
1689,13829.0
1690,13832.0
1691,13838.0
1692,13852.0
1693,13852.0
1694,13853.0
1695,13851.0
1696,13845.0
1697,13856.0
1698,13867.0
1699,13867.0
1700,13872.0
1701,13880.0
1702,13889.0
1703,13893.0
1704,13897.0
1705,13897.0
1706,13901.0
1707,13907.0
1708,13899.0
1709,13909.0
1710,13909.0
1711,13909.0
1712,13924.0
1713,13934.0
1714,13948.0
1715,13958.0
1716,13963.0
1717,13963.0
1718,13972.0
1719,13967.0
1720,13976.0
1721,13981.0
1722,13985.0
1723,13985.0
1724,13984.0
1725,13988.0
1726,13994.0
1727,14003.0
1728,14000.0
1729,14000.0
1730,14005.0
1731,14011.0
1732,14015.0
1733,14023.0
1734,14033.0
1735,14033.0
1736,14033.0
1737,14039.0
1738,14045.0
1739,14055.0
1740,14057.0
1741,14057.0
1742,14077.0
1743,14077.0
1744,14062.0
1745,14077.0
1746,14087.0
1747,14091.0
1748,14095.0
1749,14095.0
1750,14092.0
1751,14091.0
1752,14098.0
1753,14094.0
1754,14096.0
1755,14096.0
1756,14093.0
1757,14087.0
1758,14093.0
1759,14096.0
1760,14098.0
1761,14098.0
1762,14093.0
1763,14102.0
1764,14096.0
1765,14103.0
1766,14098.0
1767,14098.0
1768,14100.0
1769,14092.0
1770,14071.0
1771,14096.0
1772,14093.0
1773,14087.0
1774,14106.0
1775,14106.0
1776,14106.0
1777,14116.0
1778,14122.0
1779,14128.0
1780,14144.0
1781,14144.0
1782,14152.0
1783,14150.0
1784,14153.0
1785,14143.0
1786,14151.0
1787,14151.0
1788,14163.0
1789,14167.0
1790,14176.0
1791,14172.0
1792,14155.0
1793,14155.0
1794,14149.0
1795,14162.0
1796,14165.0
1797,14171.0
1798,14174.0
1799,14174.0
1800,14147.0
1801,14140.0
1802,14143.0
1803,14143.0
1804,14150.0
1805,14158.0
1806,14158.0
1807,14176.0
1808,14184.0
1809,14184.0
1810,14188.0
1811,14202.0
1812,14204.0
1813,14205.0
1814,14202.0
1815,14202.0
1816,14208.0
1817,14204.0
1818,14208.0
1819,14210.0
1820,14275.0
1821,14275.0
1822,14185.0
1823,14172.0
1824,14162.0
1825,14152.0
1826,14143.0
1827,14143.0
1828,14144.0
1829,14145.0
1830,14143.0
1831,14145.0
1832,14144.0
1833,14144.0
1834,14152.0
1835,14116.0
1836,14099.0
1837,14094.0
1838,14094.0
1839,14094.0
1840,14115.0
1841,14171.0
1842,14174.0
1843,14180.0
1844,14187.0
1845,14187.0
1846,14046.0
1847,14199.0
1848,14187.0
1849,14178.0
1850,14199.0
1851,14199.0
1852,14209.0
1853,14240.0
1854,14253.0
1855,14276.0
1856,14281.0
1857,14281.0
1858,14287.0
1859,14283.0
1860,14283.0
1861,14282.0
1862,14284.0
1863,14284.0
1864,14151.0
1865,14145.0
1866,14121.0
1867,14094.0
1868,14102.0
1869,14102.0
1870,14096.0
1871,14095.0
1872,14045.0
1873,14032.0
1874,14010.0
1875,14010.0
1876,14007.0
1877,14003.0
1878,14002.0
1879,13996.0
1880,13993.0
1881,13993.0
1882,13971.0
1883,13953.0
1884,13945.0
1885,13947.0
1886,13912.0
1887,13912.0
1888,13920.0
1889,13918.0
1890,13927.0
1891,13894.0
1892,13883.0
1893,13883.0
1894,13887.0
1895,13896.0
1896,13875.0
1897,13865.0
1898,13869.0
1899,13869.0
1900,13868.0
1901,13871.0
1902,13881.0
1903,13897.0
1904,13908.0
1905,13908.0
1906,13940.0
1907,13957.0
1908,13961.0
1909,13971.0
1910,13948.0
1911,13948.0
1912,13941.0
1913,13926.0
1914,13916.0
1915,13928.0
1916,13931.0
1917,13931.0
1918,13924.0
1919,13911.0
1920,13904.0
1921,13904.0
1922,13898.0
1923,13898.0
1924,13898.0
1925,13898.0
1926,13898.0
1927,13874.0
1928,13864.0
1929,13864.0
1930,13857.0
1931,13882.0
1932,13904.0
1933,13943.0
1934,13947.0
1935,13947.0
1936,13986.0
1937,14003.0
1938,14007.0
1939,14014.0
1940,14013.0
1941,14013.0
1942,14003.0
1943,13993.0
1944,14003.0
1945,14031.0
1946,14040.0
1947,14040.0
1948,14041.0
1949,14047.0
1950,14041.0
1951,14044.0
1952,14049.0
1953,14049.0
1954,14049.0
1955,14051.0
1956,14035.0
1957,14026.0
1958,14028.0
1959,14028.0
1960,14023.0
1961,14012.0
1962,13992.0
1963,13976.0
1964,13959.0
1965,13959.0
1966,13963.0
1967,13964.0
1968,13967.0
1969,13970.0
1970,13966.0
1971,13966.0
1972,13955.0
1973,13930.0
1974,13925.0
1975,13937.0
1976,13935.0
1977,13935.0
1978,13939.0
1979,13926.0
1980,13922.0
1981,13938.0
1982,13938.0
1983,13938.0
1984,13961.0
1985,13967.0
1986,13965.0
1987,13969.0
1988,13940.0
1989,13940.0
1990,13946.0
1991,13927.0
1992,13915.0
1993,13911.0
1994,13914.0
1995,13914.0
1996,13911.0
1997,13925.0
1998,13931.0
1999,13935.0
2000,13929.0
2001,13929.0
2002,13931.0
2003,13936.0
2004,13943.0
2005,13948.0
2006,13951.0
2007,13951.0
2008,13960.0
2009,13974.0
2010,13975.0
2011,13983.0
2012,13979.0
2013,13979.0
2014,13979.0
2015,13978.0
2016,13976.0
2017,13981.0
2018,13987.0
2019,13987.0
2020,14000.0
2021,14009.0
2022,14019.0
2023,14023.0
2024,14030.0
2025,14030.0
2026,14034.0
2027,14036.0
2028,14035.0
2029,14042.0
2030,14044.0
2031,14044.0
2032,14049.0
2033,14055.0
2034,14049.0
2035,14055.0
2036,14059.0
2037,14059.0
2038,14060.0
2039,14064.0
2040,14077.0
2041,14072.0
2042,14075.0
2043,14075.0
2044,14078.0
2045,14081.0
2046,14083.0
2047,14083.0
2048,14093.0
2049,14093.0
2050,14105.0
2051,14109.0
2052,14106.0
2053,14111.0
2054,14115.0
2055,14115.0
2056,14118.0
2057,14125.0
2058,14124.0
2059,14132.0
2060,14144.0
2061,14144.0
2062,14141.0
2063,14147.0
2064,14231.0
2065,14149.0
2066,14229.0
2067,14229.0
2068,14157.0
2069,14230.0
2070,14235.0
2071,14226.0
2072,14230.0
2073,14230.0
2074,14146.0
2075,14143.0
2076,14224.0
2077,14142.0
2078,14146.0
2079,14146.0
2080,14142.0
2081,14134.0
2082,14117.0
2083,14093.0
2084,14082.0
2085,14082.0
2086,14072.0
2087,14102.0
2088,14107.0
2089,14099.0
2090,14094.0
2091,14094.0
2092,14067.0
2093,14050.0
2094,14032.0
2095,14017.0
2096,14008.0
2097,14008.0
2098,13990.0
2099,13969.0
2100,13949.0
2101,13947.0
2102,13943.0
2103,13943.0
2104,13949.0
2105,13954.0
2106,13964.0
2107,13978.0
2108,13971.0
2109,13971.0
2110,13980.0
2111,13993.0
2112,13996.0
2113,14015.0
2114,14027.0
2115,14027.0
2116,14044.0
2117,14052.0
2118,14059.0
2119,14068.0
2120,14085.0
2121,14085.0
2122,14095.0
2123,14112.0
2124,14124.0
2125,14154.0
2126,14172.0
2127,14172.0
2128,14176.0
2129,14187.0
2130,14184.0
2131,14182.0
2132,14184.0
2133,14184.0
2134,14184.0
2135,14186.0
2136,14192.0
2137,14191.0
2138,14194.0
2139,14194.0
2140,14191.0
2141,14198.0
2142,14187.0
2143,14189.0
2144,14198.0
2145,14198.0
2146,14208.0
2147,14203.0
2148,14193.0
2149,14207.0
2150,14206.0
2151,14206.0
2152,14179.0
2153,14166.0
2154,14149.0
2155,14136.0
2156,14131.0
2157,14131.0
2158,14150.0
2159,14117.0
2160,14102.0
2161,14081.0
2162,14065.0
2163,14065.0
2164,14050.0
2165,14031.0
2166,14033.0
2167,14026.0
2168,14013.0
2169,14013.0
2170,14007.0
2171,14029.0
2172,14035.0
2173,14032.0
2174,14040.0
2175,14040.0
2176,14044.0
2177,14037.0
2178,14024.0
2179,13991.0
2180,13972.0
2181,13972.0
2182,13965.0
2183,13957.0
2184,13946.0
2185,13923.0
2186,13977.0
2187,13977.0
2188,13963.0
2189,13951.0
2190,13947.0
2191,13935.0
2192,13953.0
2193,13953.0
2194,13957.0
2195,13781.0
2196,13787.0
2197,13775.0
2198,13837.0
2199,13837.0
2200,13725.0
2201,13722.0
2202,13728.0
2203,13743.0
2204,13755.0
2205,13755.0
2206,13778.0
2207,13772.0
2208,13793.0
2209,13813.0
2210,13836.0
2211,13836.0
2212,13843.0
2213,13859.0
2214,13908.0
2215,13921.0
2216,13918.0
2217,13918.0
2218,13919.0
2219,13905.0
2220,13876.0
2221,13877.0
2222,13842.0
2223,13842.0
2224,13839.0
2225,13912.0
2226,13908.0
2227,13906.0
2228,13890.0
2229,13890.0
2230,13889.0
2231,13908.0
2232,13909.0
2233,13883.0
2234,13879.0
2235,13879.0
2236,13901.0
2237,13982.0
2238,13886.0
2239,13853.0
2240,13923.0
2241,13923.0
2242,13845.0
2243,13849.0
2244,13843.0
2245,13844.0
2246,13921.0
2247,13921.0
2248,13806.0
2249,13802.0
2250,13859.0
2251,13821.0
2252,13743.0
2253,13743.0
2254,13777.0
2255,13761.0
2256,13833.0
2257,13834.0
2258,13748.0
2259,13748.0
2260,13733.0
2261,13733.0
2262,13739.0
2263,13754.0
2264,13767.0
2265,13767.0
2266,13786.0
2267,13766.0
2268,13747.0
2269,13739.0
2270,13755.0
2271,13755.0
2272,13766.0
2273,13801.0
2274,13770.0
2275,13757.0
2276,13745.0
2277,13745.0
2278,13742.0
2279,13748.0
2280,13769.0
2281,13780.0
2282,13774.0
2283,13773.0
2284,13761.0
2285,13766.0
2286,13765.0
2287,13765.0
2288,13756.0
2289,13739.0
2290,13745.0
2291,13708.0
2292,13697.0
2293,13697.0
2294,13701.0
2295,13709.0
2296,13758.0
2297,13764.0
2298,13767.0
2299,13767.0
2300,13761.0
2301,13760.0
2302,13734.0
2303,13719.0
2304,13705.0
2305,13705.0
2306,13705.0
2307,13774.0
2308,13679.0
2309,13765.0
2310,13761.0
2311,13761.0
2312,13747.0
2313,13748.0
2314,13651.0
2315,13642.0
2316,13647.0
2317,13647.0
2318,13767.0
2319,13780.0
2320,13701.0
2321,13788.0
2322,13716.0
2323,13716.0
2324,13726.0
2325,13820.0
2326,13744.0
2327,13832.0
2328,13846.0
2329,13846.0
2330,13766.0
2331,13858.0
2332,13868.0
2333,13868.0
2334,13868.0
2335,13868.0
2336,13867.0
2337,13870.0
2338,13871.0
2339,13867.0
2340,13857.0
2341,13857.0
2342,13851.0
2343,13854.0
2344,13846.0
2345,13830.0
2346,13824.0
2347,13824.0
2348,13839.0
2349,13855.0
2350,13781.0
2351,13887.0
2352,13912.0
2353,13912.0
2354,13938.0
2355,13943.0
2356,13948.0
2357,13937.0
2358,13944.0
2359,13944.0
2360,13951.0
2361,13915.0
2362,13938.0
2363,13876.0
2364,13986.0
2365,13986.0
2366,13890.0
2367,13939.0
2368,14048.0
2369,13967.0
2370,13966.0
2371,13966.0
2372,13961.0
2373,13960.0
2374,13958.0
2375,13944.0
2376,13945.0
2377,13945.0
2378,13950.0
2379,13952.0
2380,13954.0
2381,13947.0
2382,13925.0
2383,13925.0
2384,13928.0
2385,13911.0
2386,13891.0
2387,13890.0
2388,13888.0
2389,13888.0
2390,13890.0
2391,13890.0
2392,13899.0
2393,13925.0
2394,13923.0
2395,13923.0
2396,13915.0
2397,13918.0
2398,13892.0
2399,13876.0
2400,13876.0
2401,13876.0
2402,13884.0
2403,13884.0
2404,13877.0
2405,13874.0
2406,13865.0
2407,13865.0
2408,13843.0
2409,13831.0
2410,13838.0
2411,13855.0
2412,13870.0
2413,13870.0
2414,13874.0
2415,13868.0
2416,13852.0
2417,13843.0
2418,13836.0
2419,13836.0
2420,13846.0
2421,13862.0
2422,13892.0
2423,13907.0
2424,13901.0
2425,13901.0
2426,13895.0
2427,13896.0
2428,13886.0
2429,13872.0
2430,13855.0
2431,13855.0
2432,13833.0
2433,13833.0
2434,13808.0
2435,13821.0
2436,13817.0
2437,13814.0
2438,13781.0
2439,13781.0
2440,13780.0
2441,13779.0
2442,13779.0
2443,13782.0
2444,13777.0
2445,13777.0
2446,13763.0
2447,13755.0
2448,13750.0
2449,13758.0
2450,13758.0
2451,13758.0
2452,13770.0
2453,13772.0
2454,13769.0
2455,13757.0
2456,13761.0
2457,13761.0
2458,13764.0
2459,13769.0
2460,13781.0
2461,13782.0
2462,13791.0
2463,13791.0
2464,13792.0
2465,13789.0
2466,13776.0
2467,13854.0
2468,13830.0
2469,13830.0
2470,13810.0
2471,13787.0
2472,13771.0
2473,13772.0
2474,13774.0
2475,13774.0
2476,13770.0
2477,13721.0
2478,13794.0
2479,13782.0
2480,13777.0
2481,13777.0
2482,13782.0
2483,13772.0
2484,13772.0
2485,13760.0
2486,13747.0
2487,13747.0
2488,13720.0
2489,13723.0
2490,13644.0
2491,13647.0
2492,13651.0
2493,13662.0
2494,13654.0
2495,13654.0
2496,13652.0
2497,13654.0
2498,13649.0
2499,13629.0
2500,13633.0
2501,13633.0
2502,13629.0
2503,13604.0
2504,13613.0
2505,13609.0
2506,13604.0
2507,13604.0
2508,13610.0
2509,13608.0
2510,13609.0
2511,13602.0
2512,13579.0
2513,13579.0
2514,13552.0
2515,13535.0
2516,13525.0
2517,13532.0
2518,13544.0
2519,13544.0
2520,13547.0
2521,13542.0
2522,13514.0
2523,13514.0
2524,13486.0
2525,13479.0
2526,13472.0
2527,13467.0
2528,13451.0
2529,13451.0
2530,13431.0
2531,13421.0
2532,13408.0
2533,13393.0
2534,13386.0
2535,13386.0
2536,13380.0
2537,13348.0
2538,13331.0
2539,13327.0
2540,13310.0
2541,13310.0
2542,13298.0
2543,13303.0
2544,13391.0
2545,13302.0
2546,13314.0
2547,13314.0
2548,13312.0
2549,13306.0
2550,13306.0
2551,13297.0
2552,13379.0
2553,13379.0
2554,13332.0
2555,13338.0
2556,13400.0
2557,13390.0
2558,13375.0
2559,13375.0
2560,13349.0
2561,13342.0
2562,13331.0
2563,13318.0
2564,13247.0
2565,13247.0
2566,13251.0
2567,13254.0
2568,13284.0
2569,13260.0
2570,13255.0
2571,13255.0
2572,13257.0
2573,13266.0
2574,13180.0
2575,13191.0
2576,13275.0
2577,13275.0
2578,13273.0
2579,13256.0
2580,13147.0
2581,13146.0
2582,13225.0
2583,13225.0
2584,13240.0
2585,13309.0
2586,13239.0
2587,13266.0
2588,13289.0
2589,13289.0
2590,13293.0
2591,13287.0
2592,13296.0
2593,13305.0
2594,13321.0
2595,13321.0
2596,13326.0
2597,13319.0
2598,13311.0
2599,13305.0
2600,13370.0
2601,13370.0
2602,13290.0
2603,13290.0
2604,13295.0
2605,13301.0
2606,13388.0
2607,13388.0
2608,13382.0
2609,13365.0
2610,13288.0
2611,13298.0
2612,13359.0
2613,13359.0
2614,13385.0
2615,13389.0
2616,13307.0
2617,13308.0
2618,13403.0
2619,13403.0
2620,13399.0
2621,13320.0
2622,13329.0
2623,13341.0
2624,13347.0
2625,13347.0
2626,13357.0
2627,13357.0
2628,13392.0
2629,13385.0
2630,13367.0
2631,13367.0
2632,13371.0
2633,13373.0
2634,13397.0
2635,13395.0
2636,13364.0
2637,13364.0
2638,13363.0
2639,13366.0
2640,13376.0
2641,13402.0
2642,13377.0
2643,13371.0
2644,13372.0
2645,13372.0
2646,13405.0
2647,13376.0
2648,13378.0
2649,13368.0
2650,13364.0
2651,13364.0
2652,13362.0
2653,13354.0
2654,13350.0
2655,13345.0
2656,13349.0
2657,13349.0
2658,13350.0
2659,13347.0
2660,13349.0
2661,13344.0
2662,13345.0
2663,13345.0
2664,13339.0
2665,13338.0
2666,13344.0
2667,13299.0
2668,13289.0
2669,13289.0
2670,13270.0
2671,13274.0
2672,13292.0
2673,13296.0
2674,13296.0
2675,13296.0
2676,13296.0
2677,13287.0
2678,13290.0
2679,13293.0
2680,13377.0
2681,13377.0
2682,13361.0
2683,13344.0
2684,13366.0
2685,13288.0
2686,13318.0
2687,13318.0
2688,13330.0
2689,13335.0
2690,13398.0
2691,13399.0
2692,13179.0
2693,13179.0
2694,13331.0
2695,13335.0
2696,13342.0
2697,13341.0
2698,13332.0
2699,13332.0
2700,13335.0
2701,13350.0
2702,13385.0
2703,13385.0
2704,13379.0
2705,13385.0
2706,13379.0
2707,13386.0
2708,13391.0
2709,13391.0
2710,13384.0
2711,13383.0
2712,13377.0
2713,13373.0
2714,13371.0
2715,13371.0
2716,13374.0
2717,13377.0
2718,13372.0
2719,13346.0
2720,13346.0
2721,13346.0
2722,13341.0
2723,13335.0
2724,13339.0
2725,13343.0
2726,13417.0
2727,13417.0
2728,13324.0
2729,13403.0
2730,13310.0
2731,13313.0
2732,13328.0
2733,13328.0
2734,13334.0
2735,13334.0
2736,13331.0
2737,13322.0
2738,13320.0
2739,13320.0
2740,13321.0
2741,13323.0
2742,13324.0
2743,13318.0
2744,13312.0
2745,13312.0
2746,13305.0
2747,13311.0
2748,13309.0
2749,13314.0
2750,13316.0
2751,13316.0
2752,13317.0
2753,13317.0
2754,13396.0
2755,13307.0
2756,13385.0
2757,13385.0
2758,13302.0
2759,13381.0
2760,13295.0
2761,13375.0
2762,13381.0
2763,13381.0
2764,13302.0
2765,13299.0
2766,13307.0
2767,13311.0
2768,13329.0
2769,13329.0
2770,13337.0
2771,13425.0
2772,13426.0
2773,13433.0
2774,13437.0
2775,13437.0
2776,13442.0
2777,13443.0
2778,13447.0
2779,13451.0
2780,13448.0
2781,13448.0
2782,13451.0
2783,13459.0
2784,13463.0
2785,13464.0
2786,13477.0
2787,13477.0
2788,13488.0
2789,13505.0
2790,13500.0
2791,13497.0
2792,13496.0
2793,13496.0
2794,13493.0
2795,13501.0
2796,13501.0
2797,13501.0
2798,13513.0
2799,13515.0
2800,13521.0
2801,13546.0
2802,13549.0
2803,13549.0
2804,13541.0
2805,13556.0
2806,13561.0
2807,13579.0
2808,13608.0
2809,13608.0
2810,13606.0
2811,13618.0
2812,13637.0
2813,13650.0
2814,13677.0
2815,13677.0
2816,13691.0
2817,13700.0
2818,13712.0
2819,13717.0
2820,13726.0
2821,13726.0
2822,13727.0
2823,13737.0
2824,13705.0
2825,13676.0
2826,13687.0
2827,13687.0
2828,13695.0
2829,13708.0
2830,13713.0
2831,13704.0
2832,13718.0
2833,13718.0
2834,13724.0
2835,13736.0
2836,13739.0
2837,13746.0
2838,13745.0
2839,13745.0
2840,13752.0
2841,13743.0
2842,13732.0
2843,13726.0
2844,13734.0
2845,13734.0
2846,13728.0
2847,13731.0
2848,13741.0
2849,13744.0
2850,13746.0
2851,13746.0
2852,13737.0
2853,13737.0
2854,13728.0
2855,13693.0
2856,13702.0
2857,13709.0
2858,13712.0
2859,13712.0
2860,13716.0
2861,13701.0
2862,13705.0
2863,13705.0
2864,13716.0
2865,13716.0
2866,13736.0
2867,13747.0
2868,13738.0
2869,13729.0
2870,13716.0
2871,13716.0
2872,13718.0
2873,13708.0
2874,13695.0
2875,13643.0
2876,13657.0
2877,13657.0
2878,13681.0
2879,13689.0
2880,13698.0
2881,13704.0
2882,13704.0
2883,13704.0
2884,13690.0
2885,13696.0
2886,13711.0
2887,13707.0
2888,13702.0
2889,13702.0
2890,13696.0
2891,13693.0
2892,13703.0
2893,13686.0
2894,13693.0
2895,13693.0
2896,13706.0
2897,13709.0
2898,13708.0
2899,13701.0
2900,13689.0
2901,13689.0
2902,13684.0
2903,13673.0
2904,13659.0
2905,13644.0
2906,13632.0
2907,13632.0
2908,13620.0
2909,13617.0
2910,13612.0
2911,13610.0
2912,13605.0
2913,13605.0
2914,13616.0
2915,13636.0
2916,13667.0
2917,13698.0
2918,13728.0
2919,13728.0
2920,13752.0
2921,13763.0
2922,13796.0
2923,13815.0
2924,13843.0
2925,13843.0
2926,13846.0
2927,13852.0
2928,13856.0
2929,13841.0
2930,13830.0
2931,13830.0
2932,13835.0
2933,13837.0
2934,13839.0
2935,13805.0
2936,13824.0
2937,13824.0
2938,13812.0
2939,13816.0
2940,13828.0
2941,13823.0
2942,13826.0
2943,13826.0
2944,13836.0
2945,13861.0
2946,13871.0
2947,13897.0
2948,13910.0
2949,13910.0
2950,13927.0
2951,13946.0
2952,13967.0
2953,13968.0
2954,13988.0
2955,13988.0
2956,14001.0
2957,14020.0
2958,14020.0
2959,14023.0
2960,14029.0
2961,14029.0
2962,14042.0
2963,14045.0
2964,13968.0
2965,13981.0
2966,13992.0
2967,13992.0
2968,14010.0
2969,14026.0
2970,14001.0
2971,14090.0
2972,14013.0
2973,14013.0
2974,14098.0
2975,14080.0
2976,14012.0
2977,14012.0
2978,14020.0
2979,14020.0
2980,14094.0
2981,14021.0
2982,14044.0
2983,14083.0
2984,14111.0
2985,14111.0
2986,14130.0
2987,14218.0
2988,14139.0
2989,14226.0
2990,14242.0
2991,14242.0
2992,14240.0
2993,14243.0
2994,14165.0
2995,14256.0
2996,14220.0
2997,14220.0
2998,14200.0
2999,14215.0
3000,14221.0
3001,14241.0
3002,14251.0
3003,14251.0
3004,14251.0
3005,14219.0
3006,14167.0
3007,14269.0
3008,14280.0
3009,14280.0
3010,14309.0
3011,14326.0
3012,14336.0
3013,14356.0
3014,14292.0
3015,14292.0
3016,14387.0
3017,14389.0
3018,14406.0
3019,14408.0
3020,14419.0
3021,14419.0
3022,14446.0
3023,14464.0
3024,14482.0
3025,14497.0
3026,14508.0
3027,14508.0
3028,14388.0
3029,14392.0
3030,14397.0
3031,14401.0
3032,14407.0
3033,14407.0
3034,14410.0
3035,14407.0
3036,14404.0
3037,14424.0
3038,14441.0
3039,14441.0
3040,14449.0
3041,14463.0
3042,14470.0
3043,14459.0
3044,14491.0
3045,14491.0
3046,14494.0
3047,14498.0
3048,14502.0
3049,14521.0
3050,14530.0
3051,14530.0
3052,14543.0
3053,14550.0
3054,14558.0
3055,14577.0
3056,14587.0
3057,14587.0
3058,14598.0
3059,14608.0
3060,14614.0
3061,14612.0
3062,14622.0
3063,14622.0
3064,14634.0
3065,14647.0
3066,14569.0
3067,14569.0
3068,14577.0
3069,14577.0
3070,14593.0
3071,14588.0
3072,14594.0
3073,14598.0
3074,14607.0
3075,14607.0
3076,14616.0
3077,14627.0
3078,14693.0
3079,14684.0
3080,14688.0
3081,14688.0
3082,14688.0
3083,14668.0
3084,14686.0
3085,14692.0
3086,14687.0
3087,14687.0
3088,14696.0
3089,14700.0
3090,14710.0
3091,14620.0
3092,14729.0
3093,14741.0
3094,14750.0
3095,14750.0
3096,14763.0
3097,14773.0
3098,14791.0
3099,14817.0
3100,14840.0
3101,14840.0
3102,14870.0
3103,14878.0
3104,14897.0
3105,14922.0
3106,14945.0
3107,14945.0
3108,14973.0
3109,14986.0
3110,15009.0
3111,15017.0
3112,15055.0
3113,15055.0
3114,15080.0
3115,15177.0
3116,15191.0
3117,15125.0
3118,15366.0
3119,15366.0
3120,15371.0
3121,15383.0
3122,15399.0
3123,15405.0
3124,15387.0
3125,15387.0
3126,15411.0
3127,15425.0
3128,15432.0
3129,15435.0
3130,15466.0
3131,15466.0
3132,15477.0
3133,15514.0
3134,15534.0
3135,15560.0
3136,15589.0
3137,15589.0
3138,15609.0
3139,15629.0
3140,15642.0
3141,15588.0
3142,15686.0
3143,15686.0
3144,15698.0
3145,15722.0
3146,15735.0
3147,15746.0
3148,15769.0
3149,15769.0
3150,15785.0
3151,15725.0
3152,15825.0
3153,15825.0
3154,15761.0
3155,15774.0
3156,15789.0
3157,15806.0
3158,15823.0
3159,15823.0
3160,15923.0
3161,15955.0
3162,15888.0
3163,15907.0
3164,15938.0
3165,15938.0
3166,15951.0
3167,15954.0
3168,15976.0
3169,16020.0
3170,16110.0
3171,16110.0
3172,16131.0
3173,16147.0
3174,16171.0
3175,16214.0
3176,16234.0
3177,16234.0
3178,16236.0
3179,16287.0
3180,16292.0
3181,16320.0
3182,16345.0
3183,16345.0
3184,16356.0
3185,16382.0
3186,16407.0
3187,16447.0
3188,16477.0
3189,16477.0
3190,16484.0
3191,16536.0
3192,16564.0
3193,16567.0
3194,16597.0
3195,16597.0
3196,16649.0
3197,16687.0
3198,16687.0
3199,16733.0
3200,16744.0
3201,16744.0
3202,16797.0
3203,16816.0
3204,16848.0
3205,16870.0
3206,16902.0
3207,16902.0
3208,16926.0
3209,16960.0
3210,16989.0
3211,17010.0
3212,17045.0
3213,17054.0
3214,17071.0
3215,17104.0
3216,17154.0
3217,17154.0
3218,17112.0
3219,17141.0
3220,17149.0
3221,17174.0
3222,17194.0
3223,17194.0
3224,17226.0
3225,17269.0
3226,17287.0
3227,17308.0
3228,17318.0
3229,17318.0
3230,17336.0
3231,17434.0
3232,17455.0
3233,17473.0
3234,17504.0
3235,17504.0
3236,17442.0
3237,17469.0
3238,17559.0
3239,17355.0
3240,17392.0
3241,17392.0
3242,17387.0
3243,17394.0
3244,17339.0
3245,17375.0
3246,17362.0
3247,17362.0
3248,17449.0
3249,17445.0
3250,17441.0
3251,17464.0
3252,17446.0
3253,17446.0
3254,17461.0
3255,17430.0
3256,17441.0
3257,17433.0
3258,17305.0
3259,17305.0
3260,17291.0
3261,17367.0
3262,17339.0
3263,17318.0
3264,17308.0
3265,17308.0
3266,17311.0
3267,17303.0
3268,17296.0
3269,17234.0
3270,17150.0
3271,17150.0
3272,17150.0
3273,17150.0
3274,17245.0
3275,17157.0
3276,17269.0
3277,17299.0
3278,17365.0
3279,17365.0
3280,17385.0
3281,17429.0
3282,17452.0
3283,17486.0
3284,17511.0
3285,17511.0
3286,17533.0
3287,17575.0
3288,17611.0
3289,17646.0
3290,17683.0
3291,17683.0
3292,17706.0
3293,17732.0
3294,17763.0
3295,17797.0
3296,17848.0
3297,17848.0
3298,17871.0
3299,17906.0
3300,17928.0
3301,17948.0
3302,17954.0
3303,17954.0
3304,17979.0
3305,17995.0
3306,18045.0
3307,18063.0
3308,18078.0
3309,18078.0
3310,18077.0
3311,18107.0
3312,18146.0
3313,18169.0
3314,18164.0
3315,18164.0
3316,18205.0
3317,18230.0
3318,18227.0
3319,18271.0
3320,18271.0
3321,18271.0
3322,18309.0
3323,18313.0
3324,18326.0
3325,18325.0
3326,18355.0
3327,18355.0
3328,18282.0
3329,18285.0
3330,18292.0
3331,18305.0
3332,18329.0
3333,18329.0
3334,18336.0
3335,18363.0
3336,18377.0
3337,18386.0
3338,18403.0
3339,18403.0
3340,18412.0
3341,18436.0
3342,18455.0
3343,18479.0
3344,18501.0
3345,18501.0
3346,18526.0
3347,18557.0
3348,18581.0
3349,18609.0
3350,18632.0
3351,18632.0
3352,18643.0
3353,18669.0
3354,18693.0
3355,18710.0
3356,18738.0
3357,18738.0
3358,18762.0
3359,18766.0
3360,18792.0
3361,18846.0
3362,18866.0
3363,18893.0
3364,18913.0
3365,18913.0
3366,18975.0
3367,19026.0
3368,19059.0
3369,19085.0
3370,19147.0
3371,19147.0
3372,19174.0
3373,19222.0
3374,19266.0
3375,19288.0
3376,19328.0
3377,19328.0
3378,19356.0
3379,19378.0
3380,19426.0
3381,19466.0
3382,19463.0
3383,19463.0
3384,19517.0
3385,19530.0
3386,19555.0
3387,19566.0
3388,19588.0
3389,19588.0
3390,19605.0
3391,19625.0
3392,19646.0
3393,19646.0
3394,19670.0
3395,19672.0
3396,19687.0
3397,19697.0
3398,19721.0
3399,19721.0
3400,19736.0
3401,19784.0
3402,19815.0
3403,19844.0
3404,19876.0
3405,19876.0
3406,19894.0
3407,19922.0
3408,19926.0
3409,19940.0
3410,19979.0
3411,19979.0
3412,19991.0
3413,20027.0
3414,20026.0
3415,20078.0
3416,20114.0
3417,20114.0
3418,20132.0
3419,20156.0
3420,20189.0
3421,20208.0
3422,20225.0
3423,20290.0
3424,20279.0
3425,20279.0
3426,20321.0
3427,20331.0
3428,20344.0
3429,20394.0
3430,20383.0
3431,20383.0
3432,20390.0
3433,20431.0
3434,20439.0
3435,20434.0
3436,20472.0
3437,20472.0
3438,20502.0
3439,20514.0
3440,20539.0
3441,20547.0
3442,20538.0
3443,20538.0
3444,20563.0
3445,20576.0
3446,20597.0
3447,20636.0
3448,20661.0
3449,20661.0
3450,20654.0
3451,20677.0
3452,20721.0
3453,20734.0
3454,20749.0
3455,20749.0
3456,20778.0
3457,20792.0
3458,20811.0
3459,20820.0
3460,20842.0
3461,20842.0
3462,20859.0
3463,20876.0
3464,20911.0
3465,20937.0
3466,20966.0
3467,20966.0
3468,20990.0
3469,21010.0
3470,21027.0
3471,21060.0
3472,21087.0
3473,21087.0
3474,21095.0
3475,21121.0
3476,21155.0
3477,21180.0
3478,21216.0
3479,21216.0
3480,21204.0
3481,21247.0
3482,21277.0
3483,21277.0
3484,21276.0
3485,21287.0
3486,21308.0
3487,21313.0
3488,21370.0
3489,21370.0
3490,21395.0
3491,21409.0
3492,21439.0
3493,21458.0
3494,21485.0
3495,21485.0
3496,21508.0
3497,21534.0
3498,21567.0
3499,21582.0
3500,21630.0
3501,21630.0
3502,21664.0
3503,21684.0
3504,21706.0
3505,21735.0
3506,21730.0
3507,21730.0
3508,21784.0
3509,21801.0
3510,21825.0
3511,21850.0
3512,21845.0
3513,21845.0
3514,21866.0
3515,21892.0
3516,21914.0
3517,21970.0
3518,22001.0
3519,22001.0
3520,22021.0
3521,22049.0
3522,22075.0
3523,22104.0
3524,22115.0
3525,22115.0
3526,22120.0
3527,22127.0
3528,22138.0
3529,22153.0
3530,22155.0
3531,22155.0
3532,22181.0
3533,22178.0
3534,22197.0
3535,22197.0
3536,22231.0
3537,22231.0
3538,22249.0
3539,22300.0
3540,22286.0
3541,22349.0
3542,22385.0
3543,22399.0
3544,22427.0
3545,22447.0
3546,22462.0
3547,22462.0
3548,22491.0
3549,22505.0
3550,22515.0
3551,22549.0
3552,22563.0
3553,22563.0
3554,22578.0
3555,22615.0
3556,22630.0
3557,22681.0
3558,22699.0
3559,22699.0
3560,22725.0
3561,22750.0
3562,22778.0
3563,22804.0
3564,22830.0
3565,22830.0
3566,22853.0
3567,22865.0
3568,22887.0
3569,22907.0
3570,22937.0
3571,22937.0
3572,22945.0
3573,22977.0
3574,22996.0
3575,23020.0
3576,23057.0
3577,23057.0
3578,23081.0
3579,23104.0
3580,23103.0
3581,23139.0
3582,23192.0
3583,23192.0
3584,23221.0
3585,23252.0
3586,23277.0
3587,23293.0
3588,23325.0
3589,23325.0
3590,23353.0
3591,23375.0
3592,23405.0
3593,23402.0
3594,23456.0
3595,23456.0
3596,23468.0
3597,23480.0
3598,23505.0
3599,23522.0
3600,23540.0
3601,23540.0
3602,23560.0
3603,23575.0
3604,23606.0
3605,23618.0
3606,23618.0
3607,23618.0
3608,23595.0
3609,23590.0
3610,23602.0
3611,23589.0
3612,23589.0
3613,23589.0
3614,23585.0
3615,23572.0
3616,23555.0
3617,23556.0
3618,23544.0
3619,23544.0
3620,23524.0
3621,23527.0
3622,23515.0
3623,23503.0
3624,23459.0
3625,23459.0
3626,23424.0
3627,23396.0
3628,23365.0
3629,23354.0
3630,23342.0
3631,23342.0
3632,23307.0
3633,23307.0
3634,23318.0
3635,23341.0
3636,23349.0
3637,23379.0
3638,23429.0
3639,23429.0
3640,23413.0
3641,23448.0
3642,23470.0
3643,23487.0
3644,23531.0
3645,23531.0
3646,23548.0
3647,23580.0
3648,23589.0
3649,23621.0
3650,23669.0
3651,23669.0
3652,23693.0
3653,23706.0
3654,23654.0
3655,23730.0
3656,23729.0
3657,23729.0
3658,23719.0
3659,23759.0
3660,23739.0
3661,23796.0
3662,23797.0
3663,23797.0
3664,23797.0
3665,23780.0
3666,23804.0
3667,23822.0
3668,23829.0
3669,23829.0
3670,23864.0
3671,23879.0
3672,23901.0
3673,23880.0
3674,23915.0
3675,23915.0
3676,23945.0
3677,23964.0
3678,23967.0
3679,23989.0
3680,24011.0
3681,24011.0
3682,24010.0
3683,24019.0
3684,24064.0
3685,24067.0
3686,24086.0
3687,24086.0
3688,24067.0
3689,24091.0
3690,24057.0
3691,24062.0
3692,24059.0
3693,24059.0
3694,24073.0
3695,24077.0
3696,24058.0
3697,24054.0
3698,24079.0
3699,24079.0
3700,24107.0
3701,24134.0
3702,24168.0
3703,24188.0
3704,24226.0
3705,24226.0
3706,24251.0
3707,24273.0
3708,24290.0
3709,24282.0
3710,24322.0
3711,24322.0
3712,24283.0
3713,24334.0
3714,24357.0
3715,24346.0
3716,24363.0
3717,24363.0
3718,24420.0
3719,24434.0
3720,24459.0
3721,24469.0
3722,24482.0
3723,24482.0
3724,24504.0
3725,24514.0
3726,24542.0
3727,24561.0
3728,24533.0
3729,24533.0
3730,24576.0
3731,24580.0
3732,24583.0
3733,24604.0
3734,24589.0
3735,24589.0
3736,24608.0
3737,24604.0
3738,24623.0
3739,24620.0
3740,24635.0
3741,24635.0
3742,24639.0
3743,24638.0
3744,24648.0
3745,24638.0
3746,24647.0
3747,24647.0
3748,24659.0
3749,24676.0
3750,24697.0
3751,24693.0
3752,24715.0
3753,24715.0
3754,24705.0
3755,24721.0
3756,24728.0
3757,24735.0
3758,24727.0
3759,24727.0
3760,24739.0
3761,24750.0
3762,24748.0
3763,24746.0
3764,24735.0
3765,24735.0
3766,24727.0
3767,24716.0
3768,24708.0
3769,24723.0
3770,24717.0
3771,24717.0
3772,24719.0
3773,24720.0
3774,24711.0
3775,24692.0
3776,24663.0
3777,24663.0
3778,24674.0
3779,24628.0
3780,24640.0
3781,24615.0
3782,24642.0
3783,24642.0
3784,24661.0
3785,24676.0
3786,24721.0
3787,24730.0
3788,24752.0
3789,24752.0
3790,24741.0
3791,24741.0
3792,24731.0
3793,24691.0
3794,24674.0
3795,24674.0
3796,24621.0
3797,24623.0
3798,24584.0
3799,24562.0
3800,24524.0
3801,24524.0
3802,24502.0
3803,24506.0
3804,24520.0
3805,24520.0
3806,24519.0
3807,24519.0
3808,24523.0
3809,24525.0
3810,24529.0
3811,24534.0
3812,24503.0
3813,24503.0
3814,24496.0
3815,24521.0
3816,24525.0
3817,24520.0
3818,24533.0
3819,24533.0
3820,24540.0
3821,24551.0
3822,24596.0
3823,24588.0
3824,24600.0
3825,24600.0
3826,24591.0
3827,24606.0
3828,24606.0
3829,24620.0
3830,24616.0
3831,24616.0
3832,24608.0
3833,24605.0
3834,24603.0
3835,24637.0
3836,24627.0
3837,24627.0
3838,24661.0
3839,24691.0
3840,24705.0
3841,24730.0
3842,24746.0
3843,24746.0
3844,24753.0
3845,24781.0
3846,24806.0
3847,24805.0
3848,24810.0
3849,24810.0
3850,24842.0
3851,24850.0
3852,24848.0
3853,24863.0
3854,24892.0
3855,24892.0
3856,24897.0
3857,24922.0
3858,24942.0
3859,24957.0
3860,24942.0
3861,24942.0
3862,24946.0
3863,24956.0
3864,24959.0
3865,24971.0
3866,24987.0
3867,24987.0
3868,24988.0
3869,24988.0
3870,25020.0
3871,25015.0
3872,25027.0
3873,25027.0
3874,25038.0
3875,25068.0
3876,25086.0
3877,25120.0
3878,25147.0
3879,25147.0
3880,25166.0
3881,25187.0
3882,25210.0
3883,25221.0
3884,25228.0
3885,25228.0
3886,25257.0
3887,25287.0
3888,25313.0
3889,25332.0
3890,25324.0
3891,25324.0
3892,25345.0
3893,25370.0
3894,25405.0
3895,25422.0
3896,25452.0
3897,25452.0
3898,25449.0
3899,25452.0
3900,25424.0
3901,25401.0
3902,25376.0
3903,25377.0
3904,25396.0
3905,25379.0
3906,25346.0
3907,25346.0
3908,25343.0
3909,25197.0
3910,25197.0
3911,25203.0
3912,25175.0
3913,25175.0
3914,25202.0
3915,25202.0
3916,25188.0
3917,25124.0
3918,25126.0
3919,25126.0
3920,25124.0
3921,25114.0
3922,25094.0
3923,25084.0
3924,25091.0
3925,25091.0
3926,25087.0
3927,25071.0
3928,25072.0
3929,25064.0
3930,25043.0
3931,25043.0
3932,25043.0
3933,25030.0
3934,25012.0
3935,25004.0
3936,24980.0
3937,24980.0
3938,24912.0
3939,24894.0
3940,24868.0
3941,24818.0
3942,24798.0
3943,24798.0
3944,24807.0
3945,24722.0
3946,24724.0
3947,24669.0
3948,24666.0
3949,24666.0
3950,24629.0
3951,24560.0
3952,24533.0
3953,24510.0
3954,24450.0
3955,24450.0
3956,24413.0
3957,24376.0
3958,24342.0
3959,24177.0
3960,24135.0
3961,24135.0
3962,24126.0
3963,24092.0
3964,24113.0
3965,24078.0
3966,24112.0
3967,24112.0
3968,24112.0
3969,24131.0
3970,24117.0
3971,24125.0
3972,24115.0
3973,24115.0
3974,24119.0
3975,24148.0
3976,24154.0
3977,24168.0
3978,24162.0
3979,24162.0
3980,24184.0
3981,24174.0
3982,24162.0
3983,24161.0
3984,24160.0
3985,24160.0
3986,24140.0
3987,24104.0
3988,24106.0
3989,24111.0
3990,24146.0
3991,24146.0
3992,24139.0
3993,24138.0
3994,24176.0
3995,24180.0
3996,24184.0
3997,24184.0
3998,24198.0
3999,24205.0
4000,24197.0
4001,24170.0
4002,24186.0
4003,24186.0
4004,24198.0
4005,24193.0
4006,24202.0
4007,24199.0
4008,24198.0
4009,24198.0
4010,24184.0
4011,24185.0
4012,24202.0
4013,24183.0
4014,24185.0
4015,24185.0
4016,24183.0
4017,24177.0
4018,24172.0
4019,24193.0
4020,24193.0
4021,24193.0
4022,24225.0
4023,24225.0
4024,24249.0
4025,24267.0
4026,24267.0
4027,24267.0
4028,24289.0
4029,24289.0
4030,24294.0
4031,24291.0
4032,24301.0
4033,24311.0
4034,24283.0
4035,24283.0
4036,24280.0
4037,24295.0
4038,24309.0
4039,24313.0
4040,24328.0
4041,24328.0
4042,24316.0
4043,24323.0
4044,24322.0
4045,24299.0
4046,24305.0
4047,24305.0
4048,24265.0
4049,24250.0
4050,24233.0
4051,24229.0
4052,24206.0
4053,24206.0
4054,24221.0
4055,24232.0
4056,24175.0
4057,24211.0
4058,24219.0
4059,24219.0
4060,24165.0
4061,24140.0
4062,24107.0
4063,24102.0
4064,24120.0
4065,24120.0
4066,24104.0
4067,24117.0
4068,24116.0
4069,24119.0
4070,24115.0
4071,24115.0
4072,24066.0
4073,24092.0
4074,24082.0
4075,24073.0
4076,24087.0
4077,24087.0
4078,24088.0
4079,24106.0
4080,24121.0
4081,24113.0
4082,24105.0
4083,24105.0
4084,24079.0
4085,24008.0
4086,23988.0
4087,23951.0
4088,23978.0
4089,23978.0
4090,23919.0
4091,23899.0
4092,23874.0
4093,23849.0
4094,23817.0
4095,23817.0
4096,23804.0
4097,23761.0
4098,23704.0
4099,23668.0
4100,23655.0
4101,23655.0
4102,23674.0
4103,23649.0
4104,23637.0
4105,23628.0
4106,23597.0
4107,23597.0
4108,23599.0
4109,23584.0
4110,23577.0
4111,23528.0
4112,23538.0
4113,23538.0
4114,23533.0
4115,23538.0
4116,23503.0
4117,23508.0
4118,23495.0
4119,23495.0
4120,23502.0
4121,23516.0
4122,23522.0
4123,23136.0
4124,23142.0
4125,23142.0
4126,23145.0
4127,23167.0
4128,23157.0
4129,23147.0
4130,23134.0
4131,23134.0
4132,23133.0
4133,23146.0
4134,23142.0
4135,23135.0
4136,23131.0
4137,23131.0
4138,23117.0
4139,23111.0
4140,23111.0
4141,23099.0
4142,23095.0
4143,23095.0
4144,23081.0
4145,23069.0
4146,23048.0
4147,23012.0
4148,23008.0
4149,23008.0
4150,23010.0
4151,22972.0
4152,22918.0
4153,22877.0
4154,22856.0
4155,22856.0
4156,22844.0
4157,22859.0
4158,22827.0
4159,22794.0
4160,22764.0
4161,22764.0
4162,22742.0
4163,22709.0
4164,22703.0
4165,22663.0
4166,22644.0
4167,22644.0
4168,22602.0
4169,22586.0
4170,22554.0
4171,22550.0
4172,22553.0
4173,22540.0
4174,22551.0
4175,22569.0
4176,22583.0
4177,22583.0
4178,22587.0
4179,22608.0
4180,22633.0
4181,22639.0
4182,22660.0
4183,22660.0
4184,22679.0
4185,22690.0
4186,22715.0
4187,22718.0
4188,22720.0
4189,22720.0
4190,22724.0
4191,22731.0
4192,22722.0
4193,22743.0
4194,22754.0
4195,22754.0
4196,22764.0
4197,22772.0
4198,22778.0
4199,22791.0
4200,22786.0
4201,22786.0
4202,22772.0
4203,22772.0
4204,22762.0
4205,22712.0
4206,22710.0
4207,22710.0
4208,22717.0
4209,22694.0
4210,22682.0
4211,22667.0
4212,22659.0
4213,22659.0
4214,22652.0
4215,22654.0
4216,22671.0
4217,22666.0
4218,22686.0
4219,22686.0
4220,22700.0
4221,22728.0
4222,22728.0
4223,22745.0
4224,22758.0
4225,22758.0
4226,22757.0
4227,22761.0
4228,22776.0
4229,22790.0
4230,22801.0
4231,22801.0
4232,22821.0
4233,22837.0
4234,22816.0
4235,22818.0
4236,22818.0
4237,22818.0
4238,22829.0
4239,22831.0
4240,22814.0
4241,22804.0
4242,22767.0
4243,22767.0
4244,22754.0
4245,22725.0
4246,22727.0
4247,22685.0
4248,22653.0
4249,22653.0
4250,22638.0
4251,22622.0
4252,22591.0
4253,22523.0
4254,22514.0
4255,22514.0
4256,22514.0
4257,22497.0
4258,22444.0
4259,22414.0
4260,22349.0
4261,22349.0
4262,22292.0
4263,22292.0
4264,22220.0
4265,22207.0
4266,22188.0
4267,22183.0
4268,22169.0
4269,22169.0
4270,22129.0
4271,22090.0
4272,22157.0
4273,22138.0
4274,22136.0
4275,22136.0
4276,22074.0
4277,22070.0
4278,22031.0
4279,22005.0
4280,21969.0
4281,21969.0
4282,21937.0
4283,21902.0
4284,21903.0
4285,21867.0
4286,21808.0
4287,21808.0
4288,21806.0
4289,21798.0
4290,21791.0
4291,21816.0
4292,21815.0
4293,21815.0
4294,21762.0
4295,21758.0
4296,21752.0
4297,21717.0
4298,21693.0
4299,21693.0
4300,21663.0
4301,21657.0
4302,21687.0
4303,21683.0
4304,21708.0
4305,21708.0
4306,21721.0
4307,21713.0
4308,21730.0
4309,21729.0
4310,21742.0
4311,21742.0
4312,21754.0
4313,21768.0
4314,21797.0
4315,21763.0
4316,21720.0
4317,21720.0
4318,21763.0
4319,21777.0
4320,21760.0
4321,21687.0
4322,21705.0
4323,21705.0
4324,21744.0
4325,21754.0
4326,21760.0
4327,21726.0
4328,21730.0
4329,21730.0
4330,21795.0
4331,21806.0
4332,21790.0
4333,21730.0
4334,21738.0
4335,21738.0
4336,21722.0
4337,21778.0
4338,21753.0
4339,21741.0
4340,21733.0
4341,21733.0
4342,21728.0
4343,21668.0
4344,21743.0
4345,21763.0
4346,21763.0
4347,21763.0
4348,21742.0
4349,21745.0
4350,21710.0
4351,21687.0
4352,21663.0
4353,21663.0
4354,21695.0
4355,21708.0
4356,21708.0
4357,21708.0
4358,21649.0
4359,21649.0
4360,21689.0
4361,21701.0
4362,21755.0
4363,21754.0
4364,21717.0
4365,21717.0
4366,21709.0
4367,21771.0
4368,21772.0
4369,21774.0
4370,21754.0
4371,21754.0
4372,21754.0
4373,21702.0
4374,21727.0
4375,21707.0
4376,21707.0
4377,21707.0
4378,21671.0
4379,21641.0
4380,21616.0
4381,21600.0
4382,21591.0
4383,21591.0
4384,21564.0
4385,21603.0
4386,21574.0
4387,21569.0
4388,21567.0
4389,21567.0
4390,21593.0
4391,21594.0
4392,21591.0
4393,21600.0
4394,21586.0
4395,21586.0
4396,21577.0
4397,21555.0
4398,21562.0
4399,21528.0
4400,21515.0
4401,21515.0
4402,21494.0
4403,21480.0
4404,21473.0
4405,21449.0
4406,21451.0
4407,21451.0
4408,21449.0
4409,21426.0
4410,21421.0
4411,21399.0
4412,21421.0
4413,21421.0
4414,21419.0
4415,21426.0
4416,21486.0
4417,21519.0
4418,21510.0
4419,21510.0
4420,21517.0
4421,21501.0
4422,21511.0
4423,21505.0
4424,21534.0
4425,21534.0
4426,21497.0
4427,21498.0
4428,21492.0
4429,21467.0
4430,21461.0
4431,21461.0
4432,21440.0
4433,21445.0
4434,21422.0
4435,21403.0
4436,21371.0
4437,21371.0
4438,21381.0
4439,21351.0
4440,21357.0
4441,21359.0
4442,21371.0
4443,21371.0
4444,21360.0
4445,21317.0
4446,21287.0
4447,21277.0
4448,21275.0
4449,21275.0
4450,21289.0
4451,21272.0
4452,21274.0
4453,21257.0
4454,21245.0
4455,21245.0
4456,21221.0
4457,21215.0
4458,21216.0
4459,21200.0
4460,21171.0
4461,21171.0
4462,21155.0
4463,21145.0
4464,21131.0
4465,21127.0
4466,21131.0
4467,21131.0
4468,21156.0
4469,21176.0
4470,21185.0
4471,21200.0
4472,21161.0
4473,21161.0
4474,21164.0
4475,21195.0
4476,21161.0
4477,21139.0
4478,21143.0
4479,21143.0
4480,21146.0
4481,21129.0
4482,21105.0
4483,21074.0
4484,21075.0
4485,21075.0
4486,21036.0
4487,21047.0
4488,21026.0
4489,20943.0
4490,20934.0
4491,20934.0
4492,20914.0
4493,20912.0
4494,20868.0
4495,20878.0
4496,20828.0
4497,20828.0
4498,20822.0
4499,20797.0
4500,20771.0
4501,20731.0
4502,20709.0
4503,20682.0
4504,20668.0
4505,20644.0
4506,20634.0
4507,20634.0
4508,20656.0
4509,20659.0
4510,20644.0
4511,20635.0
4512,20645.0
4513,20645.0
4514,20642.0
4515,20652.0
4516,20649.0
4517,20643.0
4518,20652.0
4519,20652.0
4520,20721.0
4521,20775.0
4522,20779.0
4523,20811.0
4524,20791.0
4525,20791.0
4526,20812.0
4527,20801.0
4528,20802.0
4529,20785.0
4530,20779.0
4531,20779.0
4532,20767.0
4533,20775.0
4534,20777.0
4535,20742.0
4536,20782.0
4537,20782.0
4538,20768.0
4539,20767.0
4540,20777.0
4541,20779.0
4542,20782.0
4543,20782.0
4544,20746.0
4545,20689.0
4546,20674.0
4547,20638.0
4548,20637.0
4549,20637.0
4550,20607.0
4551,20575.0
4552,20520.0
4553,20472.0
4554,20467.0
4555,20467.0
4556,20483.0
4557,20435.0
4558,20397.0
4559,20362.0
4560,20322.0
4561,20322.0
4562,20264.0
4563,20275.0
4564,20266.0
4565,20298.0
4566,20304.0
4567,20304.0
4568,20294.0
4569,20327.0
4570,20367.0
4571,20383.0
4572,20443.0
4573,20443.0
4574,20475.0
4575,20523.0
4576,20563.0
4577,20591.0
4578,20636.0
4579,20636.0
4580,20647.0
4581,20679.0
4582,20678.0
4583,20695.0
4584,20707.0
4585,20707.0
4586,20835.0
4587,20861.0
4588,20864.0
4589,20869.0
4590,20846.0
4591,20846.0
4592,20844.0
4593,20850.0
4594,20826.0
4595,20826.0
4596,20821.0
4597,20821.0
4598,20822.0
4599,20817.0
4600,20804.0
4601,20805.0
4602,20806.0
4603,20806.0
4604,20822.0
4605,20840.0
4606,20852.0
4607,20844.0
4608,20854.0
4609,20854.0
4610,20865.0
4611,20864.0
4612,20877.0
4613,20880.0
4614,20884.0
4615,20884.0
4616,20903.0
4617,20888.0
4618,20910.0
4619,20899.0
4620,20913.0
4621,20913.0
4622,20904.0
4623,20899.0
4624,20895.0
4625,20892.0
4626,20877.0
4627,20877.0
4628,20913.0
4629,20924.0
4630,20944.0
4631,20955.0
4632,20963.0
4633,20963.0
4634,20960.0
4635,20956.0
4636,20985.0
4637,20967.0
4638,20965.0
4639,20965.0
4640,20964.0
4641,20955.0
4642,20940.0
4643,20952.0
4644,20993.0
4645,20993.0
4646,20970.0
4647,20979.0
4648,20967.0
4649,20933.0
4650,20930.0
4651,20930.0
4652,20910.0
4653,20910.0
4654,20893.0
4655,20880.0
4656,20861.0
4657,20860.0
4658,20850.0
4659,20850.0
4660,20839.0
4661,20808.0
4662,20803.0
4663,20793.0
4664,20782.0
4665,20782.0
4666,20785.0
4667,20772.0
4668,20752.0
4669,20738.0
4670,20737.0
4671,20737.0
4672,20722.0
4673,20699.0
4674,20691.0
4675,20635.0
4676,20627.0
4677,20627.0
4678,20609.0
4679,20556.0
4680,20528.0
4681,20432.0
4682,20419.0
4683,20419.0
4684,20400.0
4685,20367.0
4686,20325.0
4687,20260.0
4688,20296.0
4689,20296.0
4690,20280.0
4691,20268.0
4692,20247.0
4693,20217.0
4694,20243.0
4695,20243.0
4696,20198.0
4697,20171.0
4698,20142.0
4699,20093.0
4700,20053.0
4701,20053.0
4702,20023.0
4703,20023.0
4704,19999.0
4705,20068.0
4706,20085.0
4707,20085.0
4708,20104.0
4709,20074.0
4710,20128.0
4711,20170.0
4712,20185.0
4713,20185.0
4714,20208.0
4715,20255.0
4716,20240.0
4717,20259.0
4718,20269.0
4719,20269.0
4720,20257.0
4721,20199.0
4722,20187.0
4723,20239.0
4724,20253.0
4725,20253.0
4726,20257.0
4727,20242.0
4728,20164.0
4729,20079.0
4730,20085.0
4731,20085.0
4732,20102.0
4733,20060.0
4734,19959.0
4735,19914.0
4736,19904.0
4737,19904.0
4738,19867.0
4739,19755.0
4740,19707.0
4741,19623.0
4742,19661.0
4743,19661.0
4744,19603.0
4745,19529.0
4746,19482.0
4747,19556.0
4748,19583.0
4749,19583.0
4750,19549.0
4751,19556.0
4752,19548.0
4753,19576.0
4754,19581.0
4755,19581.0
4756,19603.0
4757,19599.0
4758,19649.0
4759,19673.0
4760,19685.0
4761,19685.0
4762,19716.0
4763,19760.0
4764,19813.0
4765,19816.0
4766,19851.0
4767,19851.0
4768,19926.0
4769,19952.0
4770,19970.0
4771,20014.0
4772,19979.0
4773,19979.0
4774,19993.0
4775,20021.0
4776,20098.0
4777,20099.0
4778,20149.0
4779,20149.0
4780,20186.0
4781,20200.0
4782,20162.0
4783,20187.0
4784,20241.0
4785,20241.0
4786,20239.0
4787,20243.0
4788,20227.0
4789,20238.0
4790,20233.0
4791,20233.0
4792,20247.0
4793,20279.0
4794,20291.0
4795,20305.0
4796,20311.0
4797,20311.0
4798,20328.0
4799,20328.0
4800,20324.0
4801,20317.0
4802,20309.0
4803,20309.0
4804,20299.0
4805,20251.0
4806,20231.0
4807,20219.0
4808,20272.0
4809,20272.0
4810,20247.0
4811,20198.0
4812,20160.0
4813,20126.0
4814,20093.0
4815,20093.0
4816,20084.0
4817,20087.0
4818,20097.0
4819,20066.0
4820,20053.0
4821,20053.0
4822,20032.0
4823,20016.0
4824,20017.0
4825,20018.0
4826,20025.0
4827,20025.0
4828,19971.0
4829,19956.0
4830,19921.0
4831,19862.0
4832,19840.0
4833,19845.0
4834,19868.0
4835,19855.0
4836,19865.0
4837,19865.0
4838,19950.0
4839,19939.0
4840,19912.0
4841,19915.0
4842,19883.0
4843,19883.0
4844,19850.0
4845,19800.0
4846,19758.0
4847,19753.0
4848,19765.0
4849,19765.0
4850,19849.0
4851,19805.0
4852,19820.0
4853,19822.0
4854,19809.0
4855,19809.0
4856,19785.0
4857,19698.0
4858,19685.0
4859,19654.0
4860,19697.0
4861,19697.0
4862,19772.0
4863,19765.0
4864,19761.0
4865,19785.0
4866,19807.0
4867,19807.0
4868,19831.0
4869,19868.0
4870,19882.0
4871,19900.0
4872,19914.0
4873,19914.0
4874,19937.0
4875,19948.0
4876,19876.0
4877,19893.0
4878,19906.0
4879,19906.0
4880,19916.0
4881,19897.0
4882,19873.0
4883,19884.0
4884,19884.0
4885,19884.0
4886,19888.0
4887,19936.0
4888,19960.0
4889,19949.0
4890,19947.0
4891,19947.0
4892,19922.0
4893,19911.0
4894,19924.0
4895,19941.0
4896,19961.0
4897,19961.0
4898,19956.0
4899,19954.0
4900,19956.0
4901,19963.0
4902,19998.0
4903,19998.0
4904,20004.0
4905,20007.0
4906,20013.0
4907,20024.0
4908,20043.0
4909,20043.0
4910,20034.0
4911,20024.0
4912,20010.0
4913,19989.0
4914,19951.0
4915,19951.0
4916,20024.0
4917,20018.0
4918,19986.0
4919,19985.0
4920,19920.0
4921,19920.0
4922,19919.0
4923,19941.0
4924,19957.0
4925,19944.0
4926,19949.0
4927,19949.0
4928,19949.0
4929,19950.0
4930,19946.0
4931,19925.0
4932,19921.0
4933,19921.0
4934,19920.0
4935,19913.0
4936,19924.0
4937,19922.0
4938,19969.0
4939,19969.0
4940,19976.0
4941,19981.0
4942,19984.0
4943,20084.0
4944,20069.0
4945,20069.0
4946,20084.0
4947,20057.0
4948,20054.0
4949,20027.0
4950,20022.0
4951,20022.0
4952,20035.0
4953,20035.0
4954,20009.0
4955,20009.0
4956,19992.0
4957,20019.0
4958,20029.0
4959,20029.0
4960,20021.0
4961,20022.0
4962,20025.0
4963,20032.0
4964,20044.0
4965,20044.0
4966,20040.0
4967,20037.0
4968,20054.0
4969,20021.0
4970,20023.0
4971,20023.0
4972,20038.0
4973,20044.0
4974,20066.0
4975,20061.0
4976,20065.0
4977,20065.0
4978,20065.0
4979,20052.0
4980,20049.0
4981,20050.0
4982,20049.0
4983,20049.0
4984,20062.0
4985,20069.0
4986,20062.0
4987,20062.0
4988,20064.0
4989,20064.0
4990,20055.0
4991,20052.0
4992,20027.0
4993,20019.0
4994,20000.0
4995,20000.0
4996,19987.0
4997,19988.0
4998,19974.0
4999,19965.0
5000,19939.0
5001,19939.0
5002,19942.0
5003,19909.0
5004,19899.0
5005,19890.0
5006,19877.0
5007,19877.0
5008,19866.0
5009,19869.0
5010,19856.0
5011,19839.0
5012,19813.0
5013,19813.0
5014,19789.0
5015,19815.0
5016,19815.0
5017,19808.0
5018,19793.0
5019,19793.0
5020,19785.0
5021,19797.0
5022,19754.0
5023,19763.0
5024,19786.0
5025,19786.0
5026,19749.0
5027,19767.0
5028,19745.0
5029,19720.0
5030,19670.0
5031,19670.0
5032,19635.0
5033,19593.0
5034,19547.0
5035,19528.0
5036,19493.0
5037,19493.0
5038,19556.0
5039,19571.0
5040,19576.0
5041,19563.0
5042,19525.0
5043,19450.0
5044,19470.0
5045,19495.0
5046,19532.0
5047,19532.0
5048,19449.0
5049,19516.0
5050,19497.0
5051,19545.0
5052,19539.0
5053,19539.0
5054,19578.0
5055,19606.0
5056,19569.0
5057,19577.0
5058,19490.0
5059,19490.0
5060,19594.0
5061,19594.0
5062,19559.0
5063,19519.0
5064,19549.0
5065,19549.0
5066,19496.0
5067,19473.0
5068,19507.0
5069,19456.0
5070,19450.0
5071,19450.0
5072,19383.0
5073,19383.0
5074,19377.0
5075,19379.0
5076,19302.0
5077,19376.0
5078,19409.0
5079,19409.0
5080,19387.0
5081,19418.0
5082,19427.0
5083,19359.0
5084,19433.0
5085,19433.0
5086,19432.0
5087,19351.0
5088,19352.0
5089,19438.0
5090,19420.0
5091,19420.0
5092,19407.0
5093,19434.0
5094,19340.0
5095,19347.0
5096,19415.0
5097,19415.0
5098,19406.0
5099,19284.0
5100,19248.0
5101,19215.0
5102,19274.0
5103,19274.0
5104,19199.0
5105,19241.0
5106,19292.0
5107,19311.0
5108,19331.0
5109,19331.0
5110,19386.0
5111,19412.0
5112,19437.0
5113,19469.0
5114,19479.0
5115,19479.0
5116,19477.0
5117,19489.0
5118,19513.0
5119,19543.0
5120,19569.0
5121,19569.0
5122,19592.0
5123,19630.0
5124,19633.0
5125,19648.0
5126,19652.0
5127,19652.0
5128,19679.0
5129,19692.0
5130,19662.0
5131,19641.0
5132,19628.0
5133,19628.0
5134,19611.0
5135,19677.0
5136,19643.0
5137,19605.0
5138,19594.0
5139,19594.0
5140,19586.0
5141,19549.0
5142,19530.0
5143,19529.0
5144,19525.0
5145,19525.0
5146,19511.0
5147,19398.0
5148,19379.0
5149,19460.0
5150,19459.0
5151,19459.0
5152,19443.0
5153,19398.0
5154,19350.0
5155,19419.0
5156,19413.0
5157,19413.0
5158,19399.0
5159,19306.0
5160,19311.0
5161,19285.0
5162,19281.0
5163,19281.0
5164,19310.0
5165,19305.0
5166,19329.0
5167,19294.0
5168,19334.0
5169,19334.0
5170,19373.0
5171,19403.0
5172,19417.0
5173,19438.0
5174,19442.0
5175,19442.0
5176,19459.0
5177,19469.0
5178,19468.0
5179,19443.0
5180,19426.0
5181,19426.0
5182,19409.0
5183,19469.0
5184,19426.0
5185,19349.0
5186,19339.0
5187,19339.0
5188,19315.0
5189,19365.0
5190,19347.0
5191,19310.0
5192,19333.0
5193,19333.0
5194,19392.0
5195,19401.0
5196,19424.0
5197,19453.0
5198,19468.0
5199,19468.0
5200,19482.0
5201,19500.0
5202,19511.0
5203,19517.0
5204,19512.0
5205,19512.0
5206,19508.0
5207,19491.0
5208,19506.0
5209,19506.0
5210,19492.0
5211,19492.0
5212,19481.0
5213,19459.0
5214,19467.0
5215,19453.0
5216,19446.0
5217,19446.0
5218,19447.0
5219,19425.0
5220,19410.0
5221,19399.0
5222,19424.0
5223,19424.0
5224,19411.0
5225,19421.0
5226,19417.0
5227,19409.0
5228,19383.0
5229,19383.0
5230,19379.0
5231,19334.0
5232,19349.0
5233,19350.0
5234,19374.0
5235,19374.0
5236,19379.0
5237,19369.0
5238,19375.0
5239,19222.0
5240,19418.0
5241,19418.0
5242,19425.0
5243,19405.0
5244,19390.0
5245,19341.0
5246,19343.0
5247,19343.0
5248,19267.0
5249,19298.0
5250,19320.0
5251,19286.0
5252,19319.0
5253,19315.0
5254,19181.0
5255,19247.0
5256,19232.0
5257,19232.0
5258,19226.0
5259,19211.0
5260,19196.0
5261,19072.0
5262,19053.0
5263,19053.0
5264,19069.0
5265,19050.0
5266,19053.0
5267,19034.0
5268,19048.0
5269,19048.0
5270,19031.0
5271,19035.0
5272,19022.0
5273,19029.0
5274,19048.0
5275,19048.0
5276,19040.0
5277,19059.0
5278,19057.0
5279,19063.0
5280,19068.0
5281,19068.0
5282,19062.0
5283,19076.0
5284,19099.0
5285,19143.0
5286,19129.0
5287,19129.0
5288,19190.0
5289,19183.0
5290,19243.0
5291,19252.0
5292,19273.0
5293,19273.0
5294,19279.0
5295,19263.0
5296,19258.0
5297,19240.0
5298,19243.0
5299,19243.0
5300,19284.0
5301,19249.0
5302,19262.0
5303,19254.0
5304,19226.0
5305,19226.0
5306,19211.0
5307,19190.0
5308,19177.0
5309,19155.0
5310,19173.0
5311,19173.0
5312,19167.0
5313,19197.0
5314,19188.0
5315,19181.0
5316,19177.0
5317,19177.0
5318,19154.0
5319,19169.0
5320,19198.0
5321,19208.0
5322,19205.0
5323,19205.0
5324,19225.0
5325,19238.0
5326,19228.0
5327,19238.0
5328,19227.0
5329,19227.0
5330,19207.0
5331,19204.0
5332,19193.0
5333,19251.0
5334,19350.0
5335,19350.0
5336,19335.0
5337,19372.0
5338,19387.0
5339,19397.0
5340,19390.0
5341,19390.0
5342,19383.0
5343,19390.0
5344,19389.0
5345,19372.0
5346,19398.0
5347,19398.0
5348,19398.0
5349,19400.0
5350,19366.0
5351,19394.0
5352,19383.0
5353,19383.0
5354,19367.0
5355,19377.0
5356,19368.0
5357,19354.0
5358,19329.0
5359,19329.0
5360,19326.0
5361,19315.0
5362,19300.0
5363,19283.0
5364,19261.0
5365,19261.0
5366,19210.0
5367,19185.0
5368,19141.0
5369,19085.0
5370,19015.0
5371,19015.0
5372,18939.0
5373,18939.0
5374,18940.0
5375,18888.0
5376,18830.0
5377,18802.0
5378,18790.0
5379,18790.0
5380,18750.0
5381,18732.0
5382,18743.0
5383,18827.0
5384,18842.0
5385,18842.0
5386,18773.0
5387,18772.0
5388,18751.0
5389,18746.0
5390,18738.0
5391,18738.0
5392,18740.0
5393,18666.0
5394,18637.0
5395,18607.0
5396,18604.0
5397,18604.0
5398,18592.0
5399,18577.0
5400,18570.0
5401,18511.0
5402,18495.0
5403,18495.0
5404,18493.0
5405,18461.0
5406,18431.0
5407,18395.0
5408,18349.0
5409,18349.0
5410,18360.0
5411,18329.0
5412,18320.0
5413,18302.0
5414,18286.0
5415,18286.0
5416,18275.0
5417,18285.0
5418,18211.0
5419,18203.0
5420,18249.0
5421,18249.0
5422,18249.0
5423,18182.0
5424,18134.0
5425,18166.0
5426,18145.0
5427,18145.0
5428,18162.0
5429,18135.0
5430,18133.0
5431,18122.0
5432,18108.0
5433,18108.0
5434,18142.0
5435,18176.0
5436,18223.0
5437,18254.0
5438,18293.0
5439,18293.0
5440,18335.0
5441,18376.0
5442,18438.0
5443,18486.0
5444,18506.0
5445,18506.0
5446,18558.0
5447,18558.0
5448,18602.0
5449,18674.0
5450,18710.0
5451,18710.0
5452,18757.0
5453,18745.0
5454,18798.0
5455,18825.0
5456,18866.0
5457,18866.0
5458,18831.0
5459,18841.0
5460,18809.0
5461,18803.0
5462,18718.0
5463,18718.0
5464,18742.0
5465,18727.0
5466,18731.0
5467,18697.0
5468,18660.0
5469,18660.0
5470,18610.0
5471,18617.0
5472,18548.0
5473,18446.0
5474,18410.0
5475,18410.0
5476,18370.0
5477,18331.0
5478,18348.0
5479,18304.0
5480,18327.0
5481,18327.0
5482,18293.0
5483,18258.0
5484,18264.0
5485,18252.0
5486,18237.0
5487,18237.0
5488,18204.0
5489,18237.0
5490,18201.0
5491,18191.0
5492,18184.0
5493,18184.0
5494,18224.0
5495,18253.0
5496,18244.0
5497,18279.0
5498,18251.0
5499,18251.0
5500,18325.0
5501,18378.0
5502,18423.0
5503,18447.0
5504,18483.0
5505,18483.0
5506,18504.0
5507,18538.0
5508,18562.0
5509,18590.0
5510,18586.0
5511,18586.0
5512,18644.0
5513,18649.0
5514,18724.0
5515,18772.0
5516,18715.0
5517,18715.0
5518,18735.0
5519,18733.0
5520,18746.0
5521,18735.0
5522,18744.0
5523,18744.0
5524,18746.0
5525,18719.0
5526,18725.0
5527,18746.0
5528,18777.0
5529,18777.0
5530,18792.0
5531,18791.0
5532,18829.0
5533,18883.0
5534,18914.0
5535,18914.0
5536,18951.0
5537,18862.0
5538,18872.0
5539,18905.0
5540,18979.0
5541,18979.0
5542,18921.0
5543,19006.0
5544,18996.0
5545,18957.0
5546,18877.0
5547,18877.0
5548,18864.0
5549,18843.0
5550,18820.0
5551,18736.0
5552,18648.0
5553,18648.0
5554,18589.0
5555,18564.0
5556,18564.0
5557,18516.0
5558,18475.0
5559,18475.0
5560,18455.0
5561,18459.0
5562,18461.0
5563,18208.0
5564,18265.0
5565,18265.0
5566,18235.0
5567,18252.0
5568,18220.0
5569,18113.0
5570,18150.0
5571,18150.0
5572,18141.0
5573,18136.0
5574,18038.0
5575,18010.0
5576,18039.0
5577,18039.0
5578,18016.0
5579,18053.0
5580,18072.0
5581,18117.0
5582,18061.0
5583,18061.0
5584,18090.0
5585,18128.0
5586,18139.0
5587,18186.0
5588,18229.0
5589,18229.0
5590,18268.0
5591,18276.0
5592,18291.0
5593,18314.0
5594,18374.0
5595,18374.0
5596,18398.0
5597,18410.0
5598,18449.0
5599,18475.0
5600,18482.0
5601,18482.0
5602,18480.0
5603,18479.0
5604,18490.0
5605,18478.0
5606,18538.0
5607,18538.0
5608,18536.0
5609,18523.0
5610,18534.0
5611,18497.0
5612,18509.0
5613,18525.0
5614,18477.0
5615,18494.0
5616,18529.0
5617,18529.0
5618,18553.0
5619,18641.0
5620,18582.0
5621,18550.0
5622,18678.0
5623,18678.0
5624,18638.0
5625,18645.0
5626,18592.0
5627,18597.0
5628,18603.0
5629,18603.0
5630,18693.0
5631,18776.0
5632,18763.0
5633,18660.0
5634,18712.0
5635,18712.0
5636,18715.0
5637,18665.0
5638,18618.0
5639,18619.0
5640,18609.0
5641,18609.0
5642,18582.0
5643,18556.0
5644,18567.0
5645,18611.0
5646,18601.0
5647,18601.0
5648,18562.0
5649,18599.0
5650,18589.0
5651,18614.0
5652,18607.0
5653,18607.0
5654,18618.0
5655,18589.0
5656,18553.0
5657,18538.0
5658,18554.0
5659,18554.0
5660,18563.0
5661,18543.0
5662,18565.0
5663,18507.0
5664,18470.0
5665,18470.0
5666,18466.0
5667,18471.0
5668,18483.0
5669,18460.0
5670,18351.0
5671,18351.0
5672,18422.0
5673,18396.0
5674,18414.0
5675,18350.0
5676,18338.0
5677,18338.0
5678,18347.0
5679,18295.0
5680,18294.0
5681,18272.0
5682,18241.0
5683,18241.0
5684,18273.0
5685,18286.0
5686,18293.0
5687,18188.0
5688,18296.0
5689,18296.0
5690,18311.0
5691,18327.0
5692,18330.0
5693,18301.0
5694,18351.0
5695,18351.0
5696,18457.0
5697,18473.0
5698,18440.0
5699,18491.0
5700,18515.0
5701,18515.0
5702,18430.0
5703,18427.0
5704,18417.0
5705,18449.0
5706,18439.0
5707,18439.0
5708,18376.0
5709,18413.0
5710,18394.0
5711,18376.0
5712,18396.0
5713,18396.0
5714,18350.0
5715,18404.0
5716,18325.0
5717,18450.0
5718,18419.0
5719,18419.0
5720,18396.0
5721,18414.0
5722,18421.0
5723,18468.0
5724,18507.0
5725,18507.0
5726,18472.0
5727,18514.0
5728,18501.0
5729,18500.0
5730,18523.0
5731,18523.0
5732,18565.0
5733,18565.0
5734,18557.0
5735,18564.0
5736,18565.0
5737,18564.0
5738,18593.0
5739,18593.0
5740,18583.0
5741,18586.0
5742,18596.0
5743,18679.0
5744,18654.0
5745,18654.0
5746,18667.0
5747,18666.0
5748,18698.0
5749,18690.0
5750,18783.0
5751,18783.0
5752,18780.0
5753,18718.0
5754,18789.0
5755,18780.0
5756,18755.0
5757,18755.0
5758,18763.0
5759,18794.0
5760,18791.0
5761,18756.0
5762,18787.0
5763,18787.0
5764,18771.0
5765,18820.0
5766,18805.0
5767,18817.0
5768,18823.0
5769,18823.0
5770,18726.0
5771,18767.0
5772,18704.0
5773,18680.0
5774,18670.0
5775,18670.0
5776,18686.0
5777,18645.0
5778,18649.0
5779,18612.0
5780,18482.0
5781,18482.0
5782,18460.0
5783,18525.0
5784,18481.0
5785,18425.0
5786,18386.0
5787,18386.0
5788,18347.0
5789,18300.0
5790,18272.0
5791,18211.0
5792,18152.0
5793,18152.0
5794,18162.0
5795,18182.0
5796,18192.0
5797,18229.0
5798,18242.0
5799,18242.0
5800,18205.0
5801,18289.0
5802,18305.0
5803,18336.0
5804,18308.0
5805,18308.0
5806,18374.0
5807,18432.0
5808,18348.0
5809,18323.0
5810,18373.0
5811,18373.0
5812,18391.0
5813,18397.0
5814,18443.0
5815,18452.0
5816,18463.0
5817,18463.0
5818,18459.0
5819,18552.0
5820,18556.0
5821,18534.0
5822,18506.0
5823,18506.0
5824,18494.0
5825,18511.0
5826,18522.0
5827,18513.0
5828,18496.0
5829,18496.0
5830,18446.0
5831,18509.0
5832,18489.0
5833,18496.0
5834,18446.0
5835,18446.0
5836,18509.0
5837,18485.0
5838,18450.0
5839,18454.0
5840,18493.0
5841,18493.0
5842,18477.0
5843,18489.0
5844,18462.0
5845,18498.0
5846,18479.0
5847,18479.0
5848,18496.0
5849,18524.0
5850,18479.0
5851,18476.0
5852,18513.0
5853,18513.0
5854,18477.0
5855,18445.0
5856,18449.0
5857,18518.0
5858,18533.0
5859,18533.0
5860,18534.0
5861,18531.0
5862,18487.0
5863,18532.0
5864,18634.0
5865,18634.0
5866,18642.0
5867,18601.0
5868,18606.0
5869,18595.0
5870,18604.0
5871,18604.0
5872,18622.0
5873,18533.0
5874,18613.0
5875,18554.0
5876,18623.0
5877,18623.0
5878,18546.0
5879,18560.0
5880,18546.0
5881,18558.0
5882,18578.0
5883,18571.0
5884,18575.0
5885,18561.0
5886,18598.0
5887,18598.0
5888,18604.0
5889,18609.0
5890,18591.0
5891,18580.0
5892,18624.0
5893,18624.0
5894,18660.0
5895,18689.0
5896,18711.0
5897,18703.0
5898,18701.0
5899,18701.0
5900,18693.0
5901,18738.0
5902,18753.0
5903,18751.0
5904,18769.0
5905,18769.0
5906,18762.0
5907,18750.0
5908,18739.0
5909,18734.0
5910,18736.0
5911,18736.0
5912,18716.0
5913,18716.0
5914,18739.0
5915,18735.0
5916,18736.0
5917,18770.0
5918,18762.0
5919,18762.0
5920,18794.0
5921,18799.0
5922,18800.0
5923,18844.0
5924,18850.0
5925,18850.0
5926,18854.0
5927,18864.0
5928,18850.0
5929,18871.0
5930,18874.0
5931,18874.0
5932,18886.0
5933,18857.0
5934,18846.0
5935,18851.0
5936,18870.0
5937,18870.0
5938,18818.0
5939,18830.0
5940,18818.0
5941,18820.0
5942,18844.0
5943,18844.0
5944,18811.0
5945,18810.0
5946,18830.0
5947,18814.0
5948,18843.0
5949,18843.0
5950,18855.0
5951,18872.0
5952,18866.0
5953,18862.0
5954,18840.0
5955,18840.0
5956,18877.0
5957,18893.0
5958,18900.0
5959,18899.0
5960,18882.0
5961,18882.0
5962,18910.0
5963,18892.0
5964,18932.0
5965,18923.0
5966,18958.0
5967,18958.0
5968,18983.0
5969,18953.0
5970,18994.0
5971,18988.0
5972,19029.0
5973,19029.0
5974,19013.0
5975,19015.0
5976,19020.0
5977,19042.0
5978,19041.0
5979,19041.0
5980,19070.0
5981,19104.0
5982,19105.0
5983,19122.0
5984,19098.0
5985,19098.0
5986,19094.0
5987,19090.0
5988,19098.0
5989,19096.0
5990,19102.0
5991,19102.0
5992,19075.0
5993,19094.0
5994,19100.0
5995,19092.0
5996,19127.0
5997,19127.0
5998,19103.0
5999,19103.0
6000,19120.0
6001,19120.0
6002,19133.0
6003,19133.0
6004,19116.0
6005,19111.0
6006,19113.0
6007,19119.0
6008,19151.0
6009,19151.0
6010,19119.0
6011,19113.0
6012,19119.0
6013,19111.0
6014,19120.0
6015,19120.0
6016,19132.0
6017,19123.0
6018,19131.0
6019,19124.0
6020,19116.0
6021,19116.0
6022,19096.0
6023,19117.0
6024,19084.0
6025,19089.0
6026,19074.0
6027,19074.0
6028,19070.0
6029,19068.0
6030,19102.0
6031,19088.0
6032,19073.0
6033,19073.0
6034,18995.0
6035,19008.0
6036,19002.0
6037,18967.0
6038,18999.0
6039,18999.0
6040,19005.0
6041,19000.0
6042,19000.0
6043,18946.0
6044,18971.0
6045,18971.0
6046,18980.0
6047,18949.0
6048,18948.0
6049,18972.0
6050,18950.0
6051,18950.0
6052,18910.0
6053,18920.0
6054,18909.0
6055,18902.0
6056,18862.0
6057,18862.0
6058,18830.0
6059,18805.0
6060,18766.0
6061,18708.0
6062,18678.0
6063,18678.0
6064,18693.0
6065,18724.0
6066,18680.0
6067,18667.0
6068,18646.0
6069,18646.0
6070,18648.0
6071,18655.0
6072,18632.0
6073,18611.0
6074,18617.0
6075,18617.0
6076,18624.0
6077,18605.0
6078,18616.0
6079,18621.0
6080,18613.0
6081,18613.0
6082,18631.0
6083,18631.0
6084,18615.0
6085,18641.0
6086,18670.0
6087,18670.0
6088,18636.0
6089,18590.0
6090,18545.0
6091,18504.0
6092,18505.0
6093,18444.0
6094,18420.0
6095,18415.0
6096,18446.0
6097,18446.0
6098,18448.0
6099,18470.0
6100,18484.0
6101,18488.0
6102,18499.0
6103,18499.0
6104,18498.0
6105,18503.0
6106,18514.0
6107,18530.0
6108,18584.0
6109,18584.0
6110,18562.0
6111,18605.0
6112,18610.0
6113,18593.0
6114,18514.0
6115,18514.0
6116,18606.0
6117,18676.0
6118,18670.0
6119,18729.0
6120,18693.0
6121,18693.0
6122,18683.0
6123,18688.0
6124,18700.0
6125,18749.0
6126,18760.0
6127,18760.0
6128,18752.0
6129,18757.0
6130,18753.0
6131,18770.0
6132,18735.0
6133,18735.0
6134,18771.0
6135,18755.0
6136,18793.0
6137,18808.0
6138,18809.0
6139,18809.0
6140,18813.0
6141,18815.0
6142,18824.0
6143,18848.0
6144,18914.0
6145,18914.0
6146,18926.0
6147,18901.0
6148,18925.0
6149,18846.0
6150,18859.0
6151,18859.0
6152,18853.0
6153,18888.0
6154,18875.0
6155,18888.0
6156,18905.0
6157,18905.0
6158,18903.0
6159,18913.0
6160,18941.0
6161,18968.0
6162,18973.0
6163,18973.0
6164,18972.0
6165,18976.0
6166,18974.0
6167,18981.0
6168,18989.0
6169,18989.0
6170,18977.0
6171,18987.0
6172,18983.0
6173,18951.0
6174,18965.0
6175,18965.0
6176,18951.0
6177,18928.0
6178,18921.0
6179,18938.0
6180,18862.0
6181,18862.0
6182,18853.0
6183,18803.0
6184,18793.0
6185,18737.0
6186,18817.0
6187,18817.0
6188,18744.0
6189,18828.0
6190,18789.0
6191,18774.0
6192,18806.0
6193,18806.0
6194,18828.0
6195,18796.0
6196,18824.0
6197,18837.0
6198,18851.0
6199,18851.0
6200,18861.0
6201,18866.0
6202,18872.0
6203,18878.0
6204,18875.0
6205,18875.0
6206,18864.0
6207,18845.0
6208,18896.0
6209,18873.0
6210,18807.0
6211,18807.0
6212,18848.0
6213,18848.0
6214,18856.0
6215,18862.0
6216,18863.0
6217,18858.0
6218,18879.0
6219,18879.0
6220,18838.0
6221,18841.0
6222,18854.0
6223,18841.0
6224,18870.0
6225,18870.0
6226,18881.0
6227,18903.0
6228,18974.0
6229,18946.0
6230,18856.0
6231,18856.0
6232,18838.0
6233,18830.0
6234,18834.0
6235,18821.0
6236,18831.0
6237,18831.0
6238,18804.0
6239,18788.0
6240,18767.0
6241,18767.0
6242,18758.0
6243,18758.0
6244,18759.0
6245,18754.0
6246,18758.0
6247,18733.0
6248,18718.0
6249,18718.0
6250,18683.0
6251,18745.0
6252,18667.0
6253,18691.0
6254,18720.0
6255,18720.0
6256,18670.0
6257,18633.0
6258,18621.0
6259,18611.0
6260,18598.0
6261,18598.0
6262,18544.0
6263,18622.0
6264,18629.0
6265,18533.0
6266,18511.0
6267,18511.0
6268,18544.0
6269,18540.0
6270,18544.0
6271,18515.0
6272,18540.0
6273,18540.0
6274,18516.0
6275,18472.0
6276,18401.0
6277,18366.0
6278,18413.0
6279,18413.0
6280,18377.0
6281,18349.0
6282,18374.0
6283,18287.0
6284,18377.0
6285,18377.0
6286,18392.0
6287,18364.0
6288,18375.0
6289,18352.0
6290,18362.0
6291,18362.0
6292,18360.0
6293,18422.0
6294,18422.0
6295,18415.0
6296,18405.0
6297,18405.0
6298,18401.0
6299,18386.0
6300,18453.0
6301,18426.0
6302,18429.0
6303,18429.0
6304,18431.0
6305,18447.0
6306,18438.0
6307,18407.0
6308,18415.0
6309,18415.0
6310,18419.0
6311,18400.0
6312,18392.0
6313,18397.0
6314,18415.0
6315,18415.0
6316,18386.0
6317,18352.0
6318,18315.0
6319,18369.0
6320,18367.0
6321,18367.0
6322,18375.0
6323,18383.0
6324,18382.0
6325,18324.0
6326,18427.0
6327,18427.0
6328,18468.0
6329,18484.0
6330,18480.0
6331,18504.0
6332,18517.0
6333,18517.0
6334,18537.0
6335,18541.0
6336,18555.0
6337,18564.0
6338,18570.0
6339,18570.0
6340,18489.0
6341,18569.0
6342,18587.0
6343,18577.0
6344,18603.0
6345,18603.0
6346,18606.0
6347,18628.0
6348,18625.0
6349,18630.0
6350,18629.0
6351,18629.0
6352,18598.0
6353,18582.0
6354,18585.0
6355,18549.0
6356,18529.0
6357,18529.0
6358,18539.0
6359,18445.0
6360,18473.0
6361,18446.0
6362,18417.0
6363,18417.0
6364,18423.0
6365,18425.0
6366,18416.0
6367,18330.0
6368,18338.0
6369,18338.0
6370,18304.0
6371,18324.0
6372,18307.0
6373,18303.0
6374,18245.0
6375,18245.0
6376,18195.0
6377,18218.0
6378,18223.0
6379,18217.0
6380,18210.0
6381,18210.0
6382,18205.0
6383,18159.0
6384,18120.0
6385,18081.0
6386,18100.0
6387,18100.0
6388,18091.0
6389,18103.0
6390,18121.0
6391,18112.0
6392,18106.0
6393,18106.0
6394,18109.0
6395,18117.0
6396,18130.0
6397,18135.0
6398,18054.0
6399,18054.0
6400,18082.0
6401,18097.0
6402,18220.0
6403,18233.0
6404,18255.0
6405,18255.0
6406,18263.0
6407,18281.0
6408,18270.0
6409,18258.0
6410,18230.0
6411,18230.0
6412,18217.0
6413,18210.0
6414,18183.0
6415,18155.0
6416,18129.0
6417,18129.0
6418,18128.0
6419,18111.0
6420,18108.0
6421,18075.0
6422,18065.0
6423,18065.0
6424,18047.0
6425,18051.0
6426,18061.0
6427,18014.0
6428,17994.0
6429,17994.0
6430,17974.0
6431,17984.0
6432,17983.0
6433,17985.0
6434,17985.0
6435,17985.0
6436,17970.0
6437,17984.0
6438,18003.0
6439,18000.0
6440,17967.0
6441,17967.0
6442,17930.0
6443,17934.0
6444,17910.0
6445,17874.0
6446,17847.0
6447,17847.0
6448,17796.0
6449,17781.0
6450,17754.0
6451,17897.0
6452,18070.0
6453,18070.0
6454,18026.0
6455,18013.0
6456,17627.0
6457,17798.0
6458,17597.0
6459,17597.0
6460,17603.0
6461,17615.0
6462,17528.0
6463,17616.0
6464,17631.0
6465,17631.0
6466,17629.0
6467,17567.0
6468,17663.0
6469,17664.0
6470,17668.0
6471,17668.0
6472,17658.0
6473,17656.0
6474,17640.0
6475,17620.0
6476,17620.0
6477,17620.0
6478,17567.0
6479,17593.0
6480,17600.0
6481,18002.0
6482,17995.0
6483,17977.0
6484,17978.0
6485,17976.0
6486,17993.0
6487,17993.0
6488,18005.0
6489,18045.0
6490,18085.0
6491,18108.0
6492,18084.0
6493,18084.0
6494,18197.0
6495,18159.0
6496,18259.0
6497,18289.0
6498,18304.0
6499,18304.0
6500,18308.0
6501,18278.0
6502,18229.0
6503,18221.0
6504,18121.0
6505,18121.0
6506,18097.0
6507,18137.0
6508,18110.0
6509,18080.0
6510,18105.0
6511,18105.0
6512,18067.0
6513,18067.0
6514,18057.0
6515,18029.0
6516,18020.0
6517,17978.0
6518,17948.0
6519,17948.0
6520,17904.0
6521,17853.0
6522,17810.0
6523,17774.0
6524,17658.0
6525,17658.0
6526,17691.0
6527,17625.0
6528,17522.0
6529,17476.0
6530,17431.0
6531,17431.0
6532,17364.0
6533,17312.0
6534,17233.0
6535,17102.0
6536,17031.0
6537,17031.0
6538,16991.0
6539,16981.0
6540,16918.0
6541,16882.0
6542,16815.0
6543,16792.0
6544,16776.0
6545,16754.0
6546,16731.0
6547,16731.0
6548,16732.0
6549,16718.0
6550,16702.0
6551,16730.0
6552,16707.0
6553,16707.0
6554,16672.0
6555,16637.0
6556,16632.0
6557,16623.0
6558,16617.0
6559,16617.0
6560,16615.0
6561,16636.0
6562,16623.0
6563,16600.0
6564,16606.0
6565,16606.0
6566,16598.0
6567,16622.0
6568,16597.0
6569,16588.0
6570,16591.0
6571,16591.0
6572,16551.0
6573,16551.0
6574,16524.0
6575,16505.0
6576,16491.0
6577,16482.0
6578,16466.0
6579,16466.0
6580,16451.0
6581,16463.0
6582,16451.0
6583,16344.0
6584,16413.0
6585,16413.0
6586,16376.0
6587,16408.0
6588,16371.0
6589,16378.0
6590,16383.0
6591,16383.0
6592,16411.0
6593,16320.0
6594,16397.0
6595,16406.0
6596,16298.0
6597,16298.0
6598,16321.0
6599,16287.0
6600,16246.0
6601,16302.0
6602,16312.0
6603,16312.0
6604,16205.0
6605,16217.0
6606,16172.0
6607,16184.0
6608,16162.0
6609,16162.0
6610,16151.0
6611,16120.0
6612,16085.0
6613,16033.0
6614,15978.0
6615,15978.0
6616,15927.0
6617,15873.0
6618,15838.0
6619,15793.0
6620,15748.0
6621,15748.0
6622,15731.0
6623,15692.0
6624,15651.0
6625,15644.0
6626,15625.0
6627,15625.0
6628,15496.0
6629,15539.0
6630,15472.0
6631,15415.0
6632,15367.0
6633,15367.0
6634,15363.0
6635,15346.0
6636,15330.0
6637,15319.0
6638,15266.0
6639,15266.0
6640,15236.0
6641,15169.0
6642,15139.0
6643,15090.0
6644,15072.0
6645,15072.0
6646,15026.0
6647,14984.0
6648,14963.0
6649,14949.0
6650,14851.0
6651,14851.0
6652,14895.0
6653,14854.0
6654,14824.0
6655,14800.0
6656,14759.0
6657,14759.0
6658,14652.0
6659,14715.0
6660,14719.0
6661,14657.0
6662,14638.0
6663,14638.0
6664,14618.0
6665,14622.0
6666,14632.0
6667,14536.0
6668,14607.0
6669,14607.0
6670,14590.0
6671,14625.0
6672,14634.0
6673,14545.0
6674,14600.0
6675,14600.0
6676,14589.0
6677,14573.0
6678,14521.0
6679,14477.0
6680,14480.0
6681,14480.0
6682,14448.0
6683,14436.0
6684,14386.0
6685,14346.0
6686,14328.0
6687,14328.0
6688,14288.0
6689,14275.0
6690,14211.0
6691,14178.0
6692,14160.0
6693,14160.0
6694,14172.0
6695,14138.0
6696,14106.0
6697,14063.0
6698,14014.0
6699,14014.0
6700,13981.0
6701,13965.0
6702,13950.0
6703,13942.0
6704,13900.0
6705,13900.0
6706,13879.0
6707,13857.0
6708,13880.0
6709,13879.0
6710,13759.0
6711,13759.0
6712,13805.0
6713,13804.0
6714,13857.0
6715,13830.0
6716,13799.0
6717,13799.0
6718,13807.0
6719,13806.0
6720,13804.0
6721,13793.0
6722,13741.0
6723,13746.0
6724,13732.0
6725,13733.0
6726,13725.0
6727,13725.0
6728,13712.0
6729,13687.0
6730,13677.0
6731,13673.0
6732,13671.0
6733,13671.0
6734,13654.0
6735,13656.0
6736,13652.0
6737,13647.0
6738,13637.0
6739,13637.0
6740,13653.0
6741,13629.0
6742,13615.0
6743,13610.0
6744,13595.0
6745,13595.0
6746,13560.0
6747,13591.0
6748,13550.0
6749,13560.0
6750,13566.0
6751,13566.0
6752,13553.0
6753,13569.0
6754,13542.0
6755,13542.0
6756,13513.0
6757,13485.0
6758,13466.0
6759,13443.0
6760,13406.0
6761,13406.0
6762,13369.0
6763,13342.0
6764,13292.0
6765,13246.0
6766,13262.0
6767,13262.0
6768,13243.0
6769,13154.0
6770,13215.0
6771,13193.0
6772,13195.0
6773,13195.0
6774,13163.0
6775,13146.0
6776,13099.0
6777,13059.0
6778,13013.0
6779,13013.0
6780,12986.0
6781,12888.0
6782,12982.0
6783,12973.0
6784,12973.0
6785,12990.0
6786,12981.0
6787,12981.0
6788,12980.0
6789,12985.0
6790,12978.0
6791,12969.0
6792,12973.0
6793,12973.0
6794,12964.0
6795,12966.0
6796,12970.0
6797,12969.0
6798,12957.0
6799,12957.0
6800,12982.0
6801,12961.0
6802,13053.0
6803,13065.0
6804,13084.0
6805,13084.0
6806,13088.0
6807,13101.0
6808,13031.0
6809,13150.0
6810,13164.0
6811,13164.0
6812,13163.0
6813,13157.0
6814,13145.0
6815,13188.0
6816,13182.0
6817,13182.0
6818,13106.0
6819,13176.0
6820,13129.0
6821,13122.0
6822,13029.0
6823,13029.0
6824,13063.0
6825,13009.0
6826,12985.0
6827,12950.0
6828,12949.0
6829,12949.0
6830,12987.0
6831,12953.0
6832,12932.0
6833,12916.0
6834,12911.0
6835,12911.0
6836,12884.0
6837,12874.0
6838,12866.0
6839,12845.0
6840,12843.0
6841,12843.0
6842,12815.0
6843,12810.0
6844,12815.0
6845,12797.0
6846,12811.0
6847,12811.0
6848,12837.0
6849,12840.0
6850,12811.0
6851,12840.0
6852,12838.0
6853,12838.0
6854,12825.0
6855,12818.0
6856,12781.0
6857,12768.0
6858,12721.0
6859,12721.0
6860,12694.0
6861,12676.0
6862,12664.0
6863,12627.0
6864,12583.0
6865,12583.0
6866,12569.0
6867,12532.0
6868,12507.0
6869,12491.0
6870,12511.0
6871,12511.0
6872,12512.0
6873,12525.0
6874,12510.0
6875,12537.0
6876,12547.0
6877,12547.0
6878,12548.0
6879,12530.0
6880,12536.0
6881,12542.0
6882,12518.0
6883,12518.0
6884,12511.0
6885,12519.0
6886,12501.0
6887,12473.0
6888,12473.0
6889,12473.0
6890,12464.0
6891,12428.0
6892,12418.0
6893,12415.0
6894,12402.0
6895,12402.0
6896,12415.0
6897,12402.0
6898,12398.0
6899,12394.0
6900,12395.0
6901,12395.0
6902,12390.0
6903,12390.0
6904,12362.0
6905,12390.0
6906,12384.0
6907,12404.0
6908,12395.0
6909,12395.0
6910,12424.0
6911,12459.0
6912,12440.0
6913,12442.0
6914,12444.0
6915,12444.0
6916,12492.0
6917,12491.0
6918,12481.0
6919,12474.0
6920,12473.0
6921,12473.0
6922,12476.0
6923,12466.0
6924,12425.0
6925,12408.0
6926,12371.0
6927,12371.0
6928,12357.0
6929,12352.0
6930,12394.0
6931,12379.0
6932,12393.0
6933,12393.0
6934,12404.0
6935,12400.0
6936,12387.0
6937,12378.0
6938,12403.0
6939,12403.0
6940,12393.0
6941,12388.0
6942,12369.0
6943,12301.0
6944,12305.0
6945,12305.0
6946,12390.0
6947,12385.0
6948,12389.0
6949,12367.0
6950,12374.0
6951,12374.0
6952,12389.0
6953,12363.0
6954,12363.0
6955,12242.0
6956,12346.0
6957,12346.0
6958,12351.0
6959,12347.0
6960,12340.0
6961,12360.0
6962,12335.0
6963,12328.0
6964,12335.0
6965,12346.0
6966,12359.0
6967,12359.0
6968,12348.0
6969,12336.0
6970,12310.0
6971,12204.0
6972,12214.0
6973,12214.0
6974,12313.0
6975,12314.0
6976,12273.0
6977,12247.0
6978,12225.0
6979,12225.0
6980,12220.0
6981,12247.0
6982,12227.0
6983,12221.0
6984,12215.0
6985,12215.0
6986,12221.0
6987,12239.0
6988,12247.0
6989,12236.0
6990,12236.0
6991,12236.0
6992,12268.0
6993,12268.0
6994,12260.0
6995,12258.0
6996,12289.0
6997,12296.0
6998,12320.0
6999,12320.0
7000,12334.0
7001,12330.0
7002,12318.0
7003,12324.0
7004,12321.0
7005,12321.0
7006,12313.0
7007,12324.0
7008,12308.0
7009,12314.0
7010,12318.0
7011,12318.0
7012,12332.0
7013,12240.0
7014,12329.0
7015,12326.0
7016,12348.0
7017,12348.0
7018,12351.0
7019,12339.0
7020,12345.0
7021,12333.0
7022,12334.0
7023,12334.0
7024,12319.0
7025,12330.0
7026,12324.0
7027,12331.0
7028,12355.0
7029,12355.0
7030,12361.0
7031,12323.0
7032,12323.0
7033,12295.0
7034,12285.0
7035,12285.0
7036,12286.0
7037,12290.0
7038,12292.0
7039,12295.0
7040,12305.0
7041,12305.0
7042,12311.0
7043,12316.0
7044,12315.0
7045,12326.0
7046,12321.0
7047,12321.0
7048,12310.0
7049,12318.0
7050,12329.0
7051,12255.0
7052,12355.0
7053,12355.0
7054,12298.0
7055,12402.0
7056,12404.0
7057,12418.0
7058,12424.0
7059,12424.0
7060,12435.0
7061,12490.0
7062,12513.0
7063,12515.0
7064,12518.0
7065,12518.0
7066,12527.0
7067,12500.0
7068,12542.0
7069,12464.0
7070,12529.0
7071,12529.0
7072,12527.0
7073,12448.0
7074,12564.0
7075,12479.0
7076,12555.0
7077,12555.0
7078,12550.0
7079,12543.0
7080,12536.0
7081,12540.0
7082,12538.0
7083,12538.0
7084,12518.0
7085,12510.0
7086,12515.0
7087,12541.0
7088,12566.0
7089,12566.0
7090,12568.0
7091,12621.0
7092,12629.0
7093,12646.0
7094,12650.0
7095,12650.0
7096,12682.0
7097,12701.0
7098,12693.0
7099,12696.0
7100,12725.0
7101,12725.0
7102,12739.0
7103,12741.0
7104,12743.0
7105,12764.0
7106,12772.0
7107,12772.0
7108,12710.0
7109,12792.0
7110,12794.0
7111,12738.0
7112,12815.0
7113,12825.0
7114,12831.0
7115,12817.0
7116,12822.0
7117,12822.0
7118,12836.0
7119,12848.0
7120,12867.0
7121,12879.0
7122,12899.0
7123,12899.0
7124,12914.0
7125,12906.0
7126,12922.0
7127,12915.0
7128,12917.0
7129,12917.0
7130,12893.0
7131,12862.0
7132,12842.0
7133,12833.0
7134,12824.0
7135,12824.0
7136,12817.0
7137,12804.0
7138,12784.0
7139,12803.0
7140,12816.0
7141,12816.0
7142,12837.0
7143,12821.0
7144,12838.0
7145,12848.0
7146,12836.0
7147,12836.0
7148,12772.0
7149,12869.0
7150,12772.0
7151,12855.0
7152,12794.0
7153,12794.0
7154,12797.0
7155,12779.0
7156,12768.0
7157,12780.0
7158,12759.0
7159,12759.0
7160,12718.0
7161,12713.0
7162,12712.0
7163,12703.0
7164,12701.0
7165,12701.0
7166,12702.0
7167,12686.0
7168,12682.0
7169,12671.0
7170,12668.0
7171,12668.0
7172,12675.0
7173,12662.0
7174,12656.0
7175,12660.0
7176,12672.0
7177,12672.0
7178,12665.0
7179,12679.0
7180,12677.0
7181,12671.0
7182,12675.0
7183,12675.0
7184,12677.0
7185,12681.0
7186,12687.0
7187,12695.0
7188,12685.0
7189,12685.0
7190,12681.0
7191,12682.0
7192,12676.0
7193,12648.0
7194,12611.0
7195,12611.0
7196,12623.0
7197,12613.0
7198,12595.0
7199,12595.0
7200,12621.0
7201,12621.0
7202,12620.0
7203,12620.0
7204,12611.0
7205,12637.0
7206,12641.0
7207,12687.0
7208,12698.0
7209,12698.0
7210,12709.0
7211,12717.0
7212,12775.0
7213,12704.0
7214,12715.0
7215,12715.0
7216,12699.0
7217,12674.0
7218,12724.0
7219,12723.0
7220,12696.0
7221,12696.0
7222,12665.0
7223,12649.0
7224,12618.0
7225,12603.0
7226,12572.0
7227,12572.0
7228,12551.0
7229,12555.0
7230,12537.0
7231,12540.0
7232,12540.0
7233,12540.0
7234,12529.0
7235,12531.0
7236,12539.0
7237,12543.0
7238,12544.0
7239,12544.0
7240,12545.0
7241,12547.0
7242,12551.0
7243,12577.0
7244,12554.0
7245,12554.0
7246,12551.0
7247,12582.0
7248,12570.0
7249,12560.0
7250,12564.0
7251,12564.0
7252,12558.0
7253,12539.0
7254,12543.0
7255,12521.0
7256,12504.0
7257,12504.0
7258,12475.0
7259,12481.0
7260,12491.0
7261,12483.0
7262,12478.0
7263,12478.0
7264,12482.0
7265,12491.0
7266,12412.0
7267,12515.0
7268,12471.0
7269,12471.0
7270,12474.0
7271,12475.0
7272,12488.0
7273,12554.0
7274,12542.0
7275,12542.0
7276,12529.0
7277,12578.0
7278,12502.0
7279,12477.0
7280,12553.0
7281,12553.0
7282,12570.0
7283,12543.0
7284,12537.0
7285,12527.0
7286,12557.0
7287,12557.0
7288,12537.0
7289,12542.0
7290,12561.0
7291,12560.0
7292,12542.0
7293,12542.0
7294,12540.0
7295,12565.0
7296,12588.0
7297,12599.0
7298,12620.0
7299,12620.0
7300,12634.0
7301,12566.0
7302,12609.0
7303,12630.0
7304,12617.0
7305,12617.0
7306,12651.0
7307,12651.0
7308,12652.0
7309,12660.0
7310,12680.0
7311,12680.0
7312,12682.0
7313,12678.0
7314,12696.0
7315,12771.0
7316,12688.0
7317,12688.0
7318,12681.0
7319,12767.0
7320,12690.0
7321,12682.0
7322,12747.0
7323,12747.0
7324,12671.0
7325,12755.0
7326,12678.0
7327,12640.0
7328,12641.0
7329,12641.0
7330,12641.0
7331,12742.0
7332,12772.0
7333,12779.0
7334,12817.0
7335,12817.0
7336,12827.0
7337,12836.0
7338,12824.0
7339,12813.0
7340,12831.0
7341,12831.0
7342,12804.0
7343,12790.0
7344,12785.0
7345,12777.0
7346,12782.0
7347,12782.0
7348,12776.0
7349,12763.0
7350,12760.0
7351,12756.0
7352,12763.0
7353,12763.0
7354,12752.0
7355,12744.0
7356,12751.0
7357,12735.0
7358,12721.0
7359,12721.0
7360,12699.0
7361,12681.0
7362,12677.0
7363,12674.0
7364,12651.0
7365,12651.0
7366,12653.0
7367,12682.0
7368,12670.0
7369,12662.0
7370,12642.0
7371,12642.0
7372,12633.0
7373,12619.0
7374,12609.0
7375,12565.0
7376,12567.0
7377,12567.0
7378,12558.0
7379,12542.0
7380,12536.0
7381,12495.0
7382,12503.0
7383,12497.0
7384,12487.0
7385,12501.0
7386,12542.0
7387,12542.0
7388,12533.0
7389,12529.0
7390,12514.0
7391,12504.0
7392,12509.0
7393,12509.0
7394,12515.0
7395,12500.0
7396,12467.0
7397,12458.0
7398,12471.0
7399,12471.0
7400,12480.0
7401,12486.0
7402,12492.0
7403,12479.0
7404,12455.0
7405,12455.0
7406,12466.0
7407,12461.0
7408,12438.0
7409,12421.0
7410,12433.0
7411,12433.0
7412,12420.0
7413,12420.0
7414,12422.0
7415,12427.0
7416,12441.0
7417,12436.0
7418,12476.0
7419,12476.0
7420,12483.0
7421,12458.0
7422,12430.0
7423,12418.0
7424,12412.0
7425,12412.0
7426,12398.0
7427,12397.0
7428,12384.0
7429,12372.0
7430,12379.0
7431,12379.0
7432,12383.0
7433,12381.0
7434,12362.0
7435,12368.0
7436,12362.0
7437,12362.0
7438,12368.0
7439,12366.0
7440,12350.0
7441,12352.0
7442,12272.0
7443,12356.0
7444,12356.0
7445,12356.0
7446,12332.0
7447,12318.0
7448,12300.0
7449,12284.0
7450,12266.0
7451,12266.0
7452,12190.0
7453,12252.0
7454,12265.0
7455,12262.0
7456,12257.0
7457,12257.0
7458,12245.0
7459,12235.0
7460,12238.0
7461,12222.0
7462,12214.0
7463,12214.0
7464,12207.0
7465,12201.0
7466,12210.0
7467,12220.0
7468,12224.0
7469,12224.0
7470,12234.0
7471,12222.0
7472,12216.0
7473,12196.0
7474,12189.0
7475,12189.0
7476,12190.0
7477,12207.0
7478,12234.0
7479,12264.0
7480,12212.0
7481,12212.0
7482,12315.0
7483,12341.0
7484,12379.0
7485,12391.0
7486,12429.0
7487,12429.0
7488,12444.0
7489,12447.0
7490,12478.0
7491,12453.0
7492,12445.0
7493,12445.0
7494,12440.0
7495,12433.0
7496,12378.0
7497,12390.0
7498,12397.0
7499,12397.0
7500,12404.0
7501,12514.0
7502,12517.0
7503,12524.0
7504,12447.0
7505,12464.0
7506,12546.0
7507,12546.0
7508,12558.0
7509,12577.0
7510,12573.0
7511,12590.0
7512,12608.0
7513,12608.0
7514,12509.0
7515,12575.0
7516,12592.0
7517,12569.0
7518,12568.0
7519,12568.0
7520,12552.0
7521,12529.0
7522,12521.0
7523,12507.0
7524,12480.0
7525,12480.0
7526,12463.0
7527,12430.0
7528,12422.0
7529,12420.0
7530,12382.0
7531,12382.0
7532,12382.0
7533,12366.0
7534,12378.0
7535,12359.0
7536,12360.0
7537,12360.0
7538,12371.0
7539,12347.0
7540,12281.0
7541,12358.0
7542,12363.0
7543,12363.0
7544,12340.0
7545,12326.0
7546,12287.0
7547,12325.0
7548,12292.0
7549,12292.0
7550,12266.0
7551,12247.0
7552,12225.0
7553,12185.0
7554,12149.0
7555,12149.0
7556,12133.0
7557,12121.0
7558,12090.0
7559,12063.0
7560,12030.0
7561,12030.0
7562,11997.0
7563,11984.0
7564,11964.0
7565,11943.0
7566,11962.0
7567,11962.0
7568,11947.0
7569,11927.0
7570,11891.0
7571,11868.0
7572,11869.0
7573,11869.0
7574,11835.0
7575,11811.0
7576,11786.0
7577,11784.0
7578,11812.0
7579,11812.0
7580,11728.0
7581,11764.0
7582,11736.0
7583,11696.0
7584,11668.0
7585,11668.0
7586,11605.0
7587,11512.0
7588,11466.0
7589,11435.0
7590,11435.0
7591,11435.0
7592,11417.0
7593,11417.0
7594,11400.0
7595,11402.0
7596,11387.0
7597,11398.0
7598,11369.0
7599,11369.0
7600,11352.0
7601,11338.0
7602,11315.0
7603,11271.0
7604,11254.0
7605,11254.0
7606,11217.0
7607,11200.0
7608,11081.0
7609,11051.0
7610,11131.0
7611,11131.0
7612,11106.0
7613,11087.0
7614,11061.0
7615,11033.0
7616,11006.0
7617,11006.0
7618,10995.0
7619,11001.0
7620,11002.0
7621,10987.0
7622,10997.0
7623,10997.0
