# ERCOT RTM 15-min SPP, Load Zone lzNorth, 2026-09-26; pulled 2026-09-26 21:02:00-0500; source https://www.ercot.com/api/1/services/read/dashboards/systemWidePrices.json
interval,price_usd_per_mwh
0,26.07
1,25.75
2,25.03
3,24.37
4,23.53
5,23.66
6,22.46
7,22.54
8,22.44
9,22.56
10,23.2
11,22.99
12,23.08
13,22.09
14,22.08
15,21.88
16,21.79
17,21.63
18,21.44
19,20.89
20,21.05
21,21.43
22,21.66
23,21.65
24,22.18
25,22.59
26,22.7
27,22.81
28,24.14
29,24.46
30,23.87
31,22.3
32,23.39
33,20.27
34,18.86
35,17.0
36,18.89
37,17.54
38,17.25
39,16.39
40,16.53
41,16.31
42,17.01
43,15.93
44,15.03
45,14.81
46,15.11
47,15.11
48,15.01
49,15.14
50,16.45
51,17.18
52,18.19
53,20.47
54,23.38
55,21.64
56,24.84
57,26.45
58,26.76
59,25.94
60,27.5
61,28.77
62,29.23
63,28.58
64,28.35
65,24.27
66,24.72
67,27.05
68,26.38
69,28.35
70,31.56
71,43.19
72,31.83
73,35.34
74,36.41
75,39.12
76,33.15
77,32.2
78,31.81
79,30.05
80,30.64
81,30.41
82,30.56
83,31.49
